user_id,email,username,full_name,gender,age,country,registration_date
1,laura.ali47@yahoo.com,lauraali725,Lauraali725,Female,45,France,2026-03-26
2,aiden.kowalski16@yahoo.com,aidenkowalski256,Aidenkowalski256,Female,18,Iraq,2026-03-26
3,mohamed.singh34@protonmail.com,mohamedsingh433,Mohamedsingh433,Male,61,South Korea,2026-03-26
4,aiden.tanaka24@yahoo.com,aidentanaka869,Aidentanaka869,Male,33,Switzerland,2026-03-26
5,aiden.park43@icloud.com,aidenpark969,Aidenpark969,Female,29,Bangladesh,2026-03-26
6,aiden.jones77@yahoo.com,aidenjones637,Aidenjones637,Male,22,Kenya,2026-03-26
7,raj.reyes25@gmail.com,rajreyes244,Rajreyes244,Male,35,Australia,2026-03-26
8,jun.lee17@protonmail.com,junlee358,Junlee358,Male,47,UAE,2026-03-26
9,sofia.smith28@icloud.com,sofiasmith110,Sofiasmith110,Male,24,India,2026-03-26
10,ivan.dubois86@gmail.com,ivandubois252,Ivandubois252,Male,56,Pakistan,2026-03-26
11,james.martin19@icloud.com,jamesmartin839,Jamesmartin839,Female,63,Iraq,2026-03-26
12,mason.singh73@yahoo.com,masonsingh982,Masonsingh982,Male,27,United Kingdom,2026-03-26
13,ali.jones52@gmail.com,alijones55,Alijones55,Female,18,Russia,2026-03-26
14,mei.ali9@icloud.com,meiali823,Meiali823,Male,22,Japan,2026-03-26
15,mia.thomas17@icloud.com,miathomas775,Miathomas775,Male,63,Argentina,2026-03-26
16,mei.park33@outlook.com,meipark118,Meipark118,Male,63,Philippines,2026-03-26
17,ali.park89@hotmail.com,alipark432,Alipark432,Male,52,Norway,2026-03-26
18,leila.kim48@icloud.com,leilakim778,Leilakim778,Male,22,Mexico,2026-03-26
19,logan.walker67@outlook.com,loganwalker126,Loganwalker126,Female,48,Germany,2026-03-26
20,fatima.nkosi32@protonmail.com,fatimankosi789,Fatimankosi789,Female,35,Colombia,2026-03-26
21,amara.jackson42@icloud.com,amarajackson908,Amarajackson908,Female,62,France,2026-03-26
22,zoe.moreno11@outlook.com,zoemoreno490,Zoemoreno490,Female,38,United Kingdom,2026-03-26
23,zoe.reyes37@hotmail.com,zoereyes173,Zoereyes173,Male,51,Czech Republic,2026-03-26
24,jackson.white69@icloud.com,jacksonwhite811,Jacksonwhite811,Male,37,Portugal,2026-03-26
25,leila.davis31@outlook.com,leiladavis516,Leiladavis516,Female,61,Spain,2026-03-26
26,mia.walker14@protonmail.com,miawalker102,Miawalker102,Female,33,Sweden,2026-03-26
27,nina.thomas44@yahoo.com,ninathomas802,Ninathomas802,Male,40,Indonesia,2026-03-26
28,sara.martin51@icloud.com,saramartin143,Saramartin143,Female,38,Romania,2026-03-26
29,ali.lee15@hotmail.com,alilee351,Alilee351,Female,26,Sweden,2026-03-26
30,fatima.nkosi95@hotmail.com,fatimankosi176,Fatimankosi176,Male,45,Sweden,2026-03-26
31,isabella.dubois47@hotmail.com,isabelladubois510,Isabelladubois510,Female,20,Japan,2026-03-26
32,mia.wilson12@gmail.com,miawilson317,Miawilson317,Female,39,Philippines,2026-03-26
33,lucas.williams54@hotmail.com,lucaswilliams28,Lucaswilliams28,Male,33,Poland,2026-03-26
34,amara.nkosi17@icloud.com,amarankosi102,Amarankosi102,Female,27,United Kingdom,2026-03-26
35,ava.taylor37@gmail.com,avataylor23,Avataylor23,Male,62,Ukraine,2026-03-26
36,hannah.thompson64@hotmail.com,hannahthompson825,Hannahthompson825,Male,38,South Africa,2026-03-26
37,logan.lopez1@outlook.com,loganlopez446,Loganlopez446,Female,50,Brazil,2026-03-26
38,ivan.nkosi21@icloud.com,ivannkosi738,Ivannkosi738,Female,25,Kenya,2026-03-26
39,ethan.williams60@icloud.com,ethanwilliams925,Ethanwilliams925,Male,57,Australia,2026-03-26
40,isabella.johnson75@protonmail.com,isabellajohnson168,Isabellajohnson168,Male,48,Iraq,2026-03-26
41,sofia.white98@hotmail.com,sofiawhite820,Sofiawhite820,Female,55,Romania,2026-03-26
42,wei.muller27@outlook.com,weimuller985,Weimuller985,Male,19,Australia,2026-03-26
43,mateo.brown98@outlook.com,mateobrown654,Mateobrown654,Female,59,Canada,2026-03-26
44,emma.dubois78@yahoo.com,emmadubois875,Emmadubois875,Male,32,Italy,2026-03-26
45,sofia.garcia21@hotmail.com,sofiagarcia966,Sofiagarcia966,Male,31,Sweden,2026-03-26
46,oliver.dubois74@protonmail.com,oliverdubois401,Oliverdubois401,Female,54,Nigeria,2026-03-26
47,fatima.chen80@gmail.com,fatimachen707,Fatimachen707,Male,30,Thailand,2026-03-26
48,carlos.wilson74@yahoo.com,carloswilson782,Carloswilson782,Male,27,Nigeria,2026-03-26
49,tariq.taylor1@yahoo.com,tariqtaylor618,Tariqtaylor618,Male,32,China,2026-03-26
50,jackson.davis60@hotmail.com,jacksondavis778,Jacksondavis778,Male,58,Czech Republic,2026-03-26
51,logan.williams1@gmail.com,loganwilliams901,Loganwilliams901,Female,56,Czech Republic,2026-03-26
52,ali.martinez38@yahoo.com,alimartinez403,Alimartinez403,Male,46,Thailand,2026-03-26
53,amara.kowalski26@gmail.com,amarakowalski891,Amarakowalski891,Male,45,Morocco,2026-03-26
54,ivan.taylor80@outlook.com,ivantaylor270,Ivantaylor270,Male,65,Kenya,2026-03-26
55,aiden.white96@outlook.com,aidenwhite932,Aidenwhite932,Male,21,South Africa,2026-03-26
56,emma.martinez59@yahoo.com,emmamartinez652,Emmamartinez652,Male,33,Romania,2026-03-26
57,chloe.ahmed45@outlook.com,chloeahmed639,Chloeahmed639,Male,62,India,2026-03-26
58,tariq.walker98@gmail.com,tariqwalker896,Tariqwalker896,Male,18,Thailand,2026-03-26
59,isabella.martinez76@icloud.com,isabellamartinez318,Isabellamartinez318,Female,43,Germany,2026-03-26
60,logan.ali24@yahoo.com,loganali575,Loganali575,Female,34,Thailand,2026-03-26
61,ethan.tanaka98@yahoo.com,ethantanaka812,Ethantanaka812,Female,59,United Kingdom,2026-03-26
62,chloe.petrov45@icloud.com,chloepetrov695,Chloepetrov695,Female,47,Bangladesh,2026-03-26
63,diego.williams8@outlook.com,diegowilliams869,Diegowilliams869,Female,43,Romania,2026-03-26
64,raj.patel12@protonmail.com,rajpatel471,Rajpatel471,Male,20,Argentina,2026-03-26
65,priya.ahmed14@hotmail.com,priyaahmed695,Priyaahmed695,Female,31,Argentina,2026-03-26
66,mia.jackson30@gmail.com,miajackson764,Miajackson764,Female,56,China,2026-03-26
67,emma.ali54@gmail.com,emmaali498,Emmaali498,Male,45,Australia,2026-03-26
68,mateo.diallo28@outlook.com,mateodiallo633,Mateodiallo633,Male,50,Netherlands,2026-03-26
69,amara.lopez98@yahoo.com,amaralopez593,Amaralopez593,Female,60,Germany,2026-03-26
70,raj.ahmed52@yahoo.com,rajahmed823,Rajahmed823,Female,29,UAE,2026-03-26
71,ava.anderson36@outlook.com,avaanderson497,Avaanderson497,Female,39,Vietnam,2026-03-26
72,mason.taylor21@yahoo.com,masontaylor844,Masontaylor844,Male,20,Japan,2026-03-26
73,diego.lee49@outlook.com,diegolee461,Diegolee461,Female,53,Japan,2026-03-26
74,ethan.kim7@hotmail.com,ethankim159,Ethankim159,Male,65,United States,2026-03-26
75,sofia.tanaka97@outlook.com,sofiatanaka37,Sofiatanaka37,Female,53,Norway,2026-03-26
76,fatima.moreno57@protonmail.com,fatimamoreno169,Fatimamoreno169,Male,36,Italy,2026-03-26
77,liam.rossi65@hotmail.com,liamrossi307,Liamrossi307,Male,43,Australia,2026-03-26
78,jun.wilson34@yahoo.com,junwilson184,Junwilson184,Male,54,Brazil,2026-03-26
79,jun.moreno8@yahoo.com,junmoreno780,Junmoreno780,Female,20,United States,2026-03-26
80,ava.anderson19@protonmail.com,avaanderson206,Avaanderson206,Male,41,Vietnam,2026-03-26
81,sofia.williams99@protonmail.com,sofiawilliams103,Sofiawilliams103,Male,62,Saudi Arabia,2026-03-26
82,leila.tanaka82@hotmail.com,leilatanaka549,Leilatanaka549,Female,36,Iraq,2026-03-26
83,sofia.okonkwo99@icloud.com,sofiaokonkwo129,Sofiaokonkwo129,Male,49,Thailand,2026-03-26
84,jackson.taylor87@gmail.com,jacksontaylor423,Jacksontaylor423,Female,56,Austria,2026-03-26
85,aiden.brown40@protonmail.com,aidenbrown857,Aidenbrown857,Female,52,Portugal,2026-03-26
86,zoe.smith85@gmail.com,zoesmith767,Zoesmith767,Male,21,Pakistan,2026-03-26
87,ava.taylor86@hotmail.com,avataylor761,Avataylor761,Female,45,Kenya,2026-03-26
88,logan.williams65@protonmail.com,loganwilliams752,Loganwilliams752,Female,64,Germany,2026-03-26
89,carlos.muller30@protonmail.com,carlosmuller813,Carlosmuller813,Female,25,Portugal,2026-03-26
90,mia.dubois81@icloud.com,miadubois451,Miadubois451,Female,34,Ghana,2026-03-26
91,isabella.hassan9@protonmail.com,isabellahassan666,Isabellahassan666,Male,61,Brazil,2026-03-26
92,emma.taylor39@gmail.com,emmataylor142,Emmataylor142,Female,39,China,2026-03-26
93,aiden.martin91@outlook.com,aidenmartin928,Aidenmartin928,Female,54,UAE,2026-03-26
94,ali.jackson94@gmail.com,alijackson580,Alijackson580,Female,62,Colombia,2026-03-26
95,ava.brown5@outlook.com,avabrown65,Avabrown65,Male,42,UAE,2026-03-26
96,jackson.muller14@gmail.com,jacksonmuller680,Jacksonmuller680,Female,23,South Africa,2026-03-26
97,mason.patel84@yahoo.com,masonpatel631,Masonpatel631,Male,57,Argentina,2026-03-26
98,jun.ali93@protonmail.com,junali759,Junali759,Female,19,Brazil,2026-03-26
99,diego.diallo82@gmail.com,diegodiallo801,Diegodiallo801,Male,65,Poland,2026-03-26
100,ali.hassan60@protonmail.com,alihassan199,Alihassan199,Male,65,Spain,2026-03-26
