dataset_id,tag_name
1,csv
1,pdf
2,csv
2,rdf
2,json
2,xml
3,csv
4,csv
4,rdf
4,json
4,xml
5,zip
6,csv
6,xml
7,csv
7,rdf
7,json
7,xml
8,zip
9,csv
9,rdf
9,json
9,xml
10,xls
11,html
11,arcgis geoservices rest api
11,csv
11,zip
11,geojson
11,kml
12,csv
12,rdf
12,json
12,xml
13,xls
13,text
13,csv
14,csv
14,rdf
14,json
14,xml
16,csv
16,shp
16,geojson
17,csv
17,rdf
17,json
17,xml
18,csv
18,rdf
18,json
18,xml
19,csv
19,rdf
19,json
19,xml
21,html
21,zip
22,html
22,zip
23,csv
23,rdf
23,json
23,xml
24,xls
25,xls
26,zip
26,csv
26,esri rest
27,csv
27,rdf
27,json
27,xml
28,csv
28,rdf
28,json
28,xml
29,text
30,xml
31,csv
31,rdf
31,json
31,xml
32,csv
32,rdf
32,json
32,xml
34,csv
34,rdf
34,json
34,xml
35,html
35,zip
36,csv
36,xls
36,json
37,html
38,zip
40,text
40,xls
42,esri rest
43,csv
46,csv
46,rdf
46,json
46,xml
47,api
48,html
49,html
50,pdf
51,xls
52,csv
52,rdf
52,json
52,xml
53,csv
53,rdf
53,json
53,xml
54,xls
55,csv
55,sas
55,spss
55,pdf
55,html
56,html
56,api
57,xls
58,csv
59,zip
59,xml
59,esri rest
60,html
61,csv
61,rdf
61,json
61,xml
62,csv
62,rdf
62,json
62,xml
63,csv
63,rdf
63,json
63,xml
64,html
64,jpeg
65,csv
65,rdf
65,json
65,xml
66,csv
66,rdf
66,json
66,xml
67,html
69,xls
70,xls
71,text
71,zipped csv
72,csv
74,html
75,csv
75,rdf
75,json
75,xml
76,csv
77,xls
78,html
79,csv
79,rdf
79,json
79,xml
80,xls
81,html
82,xls
84,zip
85,csv
85,sas
85,spss
85,pdf
85,xls
87,xls
89,csv
89,rdf
89,json
89,xml
90,csv
90,rdf
90,json
90,xml
91,html
91,csv
92,xml
93,zip
95,html
96,html
96,arcgis geoservices rest api
97,html
98,html
99,zip
99,html
100,csv
100,rdf
100,json
100,xml
101,csv
101,rdf
101,json
101,xml
102,comma separated value spreadsheet
102,api
104,xml
104,html
104,arcgis geoservices rest api
104,csv
104,geojson
104,zip
104,kml
105,pdf
106,xls
107,bin
107,html
107,iso
108,zip
108,api
109,csv
109,rdf
109,json
109,xml
110,csv
110,rdf
110,json
110,xml
112,html
112,xml
114,xls
115,csv
116,wms
116,wfs
116,qgis
116,zip
116,gml
116,kml
116,json
116,csv
116,xls
116,xml
116,html
117,csv
117,rdf
117,json
117,xml
119,html
119,arcgis geoservices rest api
119,csv
119,zip
119,geojson
119,kml
119,text
119,xls
119,gpkg
119,gdb
120,csv
120,rdf
120,json
120,xml
121,html
122,csv
123,zip
124,xls
125,csv
125,rdf
125,json
125,xml
126,csv
126,rdf
126,json
126,xml
127,csv
127,rdf
127,json
127,xml
128,xlsb
128,html
130,zip
133,csv
133,rdf
133,json
133,xml
134,csv
134,sas
134,spss
134,pdf
134,html
135,html
136,zip
136,xml
136,esri rest
137,csv
137,rdf
137,json
137,xml
138,html
139,zip
139,xls
140,zip
140,xls
141,csv
141,rdf
141,json
141,xml
142,csv
142,html
142,zip
145,xls
146,html
146,csv
147,csv
148,csv
148,rdf
148,json
148,xml
149,zip
149,xml
150,pdf
150,csv
150,xls
150,zip
151,md
151,csv
151,html
152,zip
152,esri rest
153,html
154,csv
154,rdf
154,json
154,xml
155,html
155,api
156,xls
158,csv
158,rdf
158,json
158,xml
159,zip
159,pdf
161,html
162,html
163,csv
163,rdf
163,json
163,xml
164,csv
164,rdf
164,json
164,xml
165,zip
165,wms
165,csv
166,csv
166,tableau
166,xls
166,pdf
166,zip
168,xls
169,csv
169,rdf
169,json
169,xml
171,csv
171,rdf
171,json
171,xml
172,esri rest
173,csv
173,rdf
173,json
173,xml
174,csv
174,rdf
174,json
174,xml
175,csv
175,rdf
175,json
175,xml
176,api
177,csv
177,rdf
177,json
177,xml
178,xls
179,csv
179,rdf
179,json
179,xml
181,zip
181,doc
181,html
182,pdf
183,html
184,csv
184,rdf
184,json
184,xml
185,html
185,api
185,xls
187,html
188,xls
191,html
192,xls
193,esri rest
193,zip
194,zip
194,html
195,csv
195,xls
195,html
196,xls
197,xls
198,xls
199,api
200,xlsb
200,html
201,csv
201,rdf
201,json
201,xml
202,xls
203,csv
203,rdf
203,json
203,xml
204,csv
204,rdf
204,json
204,xml
205,application/html
206,html
207,html
207,xml
208,html
208,text
209,csv
209,xls
209,pdf
209,zip
210,csv
210,rdf
210,json
210,xml
211,zip
212,csv
213,zip
214,html
215,bin
215,pdf
216,api
217,csv
217,rdf
217,json
217,xml
218,html
218,pdf
218,zip
218,text
220,api
221,csv
221,rdf
221,json
221,xml
222,html
225,html
225,arcgis geoservices rest api
226,html
227,xls
227,csv
227,zip
228,html
229,html
229,arcgis geoservices rest api
229,csv
229,zip
229,geojson
229,kml
230,html
230,arcgis geoservices rest api
230,csv
230,zip
230,geojson
230,kml
231,csv
231,rdf
231,json
231,xml
232,html
232,arcgis geoservices rest api
233,xml
233,text/json
233,rss
233,json
233,html
233,arcgis geoservices rest api
233,csv
233,zip
233,geojson
233,kml
233,text
233,xls
233,gpkg
233,gdb
234,html
235,csv
235,rdf
235,json
235,xml
237,xml
237,zip
237,html
238,esri rest
238,kml
238,pdf
238,csv
240,csv
240,rdf
240,json
240,xml
241,html
241,arcgis geoservices rest api
242,csv
242,rdf
242,json
242,xml
243,csv
243,rdf
243,json
243,xml
244,csv
244,rdf
244,json
244,xml
245,csv
245,rdf
245,json
245,xml
246,tsv
246,csv
246,dta
247,csv
247,chart
247,zip
250,api
252,html
252,arcgis geoservices rest api
253,csv
253,xls
253,json
254,json
254,xls
256,html
257,csv
258,zip
258,xml
258,esri rest
259,html
260,csv
260,rdf
260,json
260,xml
261,csv
261,xls
261,html
262,html
263,csv
263,rdf
263,json
263,xml
264,csv
264,rdf
264,json
264,xml
265,html
266,csv
266,rdf
266,json
266,xml
267,csv
267,rdf
267,json
267,xml
268,text/tab
269,html
270,html
271,xls
272,csv
272,rdf
272,json
272,xml
273,html
274,zip
274,html
274,wms
274,esri rest
275,html
275,pdf
276,zip
277,csv
277,rdf
277,json
277,xml
278,csv
279,html
279,pdf
280,comma-separated values (.csv)
281,xls
282,html
282,zip
283,zip
283,xml
283,esri rest
284,csv
284,html
284,zip
285,html
286,csv
286,rdf
286,json
286,xml
287,csv
287,rdf
287,json
287,xml
288,xls
290,xls
291,html
292,zip
292,pdf
293,html
294,csv
296,xls
299,html
299,zip
299,jpeg
299,geojson
300,csv
300,rdf
300,json
300,xml
301,xls
301,pdf
301,csv
301,html
302,html
302,arcgis geoservices rest api
303,html
304,wms
304,html
304,jpeg
304,text
304,xml
304,application/geopackage+sqlite3
304,zip
305,csv
305,rdf
305,json
305,xml
306,csv
306,rdf
306,json
306,xml
307,csv
307,rdf
307,json
307,xml
308,html
308,csv
309,api
310,pdf
310,zip
311,csv
312,html
312,arcgis geoservices rest api
313,html
313,csv
314,application/unknown
314,api
315,csv
315,rdf
315,json
315,xml
316,csv
316,rdf
316,json
316,xml
317,csv
317,rdf
317,json
317,xml
318,zip
318,esri rest
318,html
319,pdf
320,zip
320,xml
322,csv
322,rdf
322,json
322,xml
324,csv
324,xls
325,html
325,arcgis geoservices rest api
325,csv
325,zip
325,geojson
325,kml
325,text
325,xls
325,gpkg
325,gdb
326,csv
326,rdf
326,json
326,xml
327,csv
327,rdf
327,json
327,xml
328,zip
329,html
329,arcgis geoservices rest api
329,csv
329,zip
329,geojson
329,kml
329,text
329,xls
329,gpkg
329,gdb
330,application/html
333,csv
333,rdf
333,json
333,xml
334,zip
335,csv
336,html
336,arcgis geoservices rest api
336,csv
336,geojson
336,zip
336,kml
337,jpeg
337,zip
337,api
337,doc
337,xml
338,csv
338,rdf
338,json
338,xml
339,html
340,pdf
340,xls
340,zip
341,csv
341,rdf
341,json
341,xml
342,xls
343,html
344,html
344,h5
345,html
346,xls
347,csv
347,rdf
347,json
347,xml
348,shp
349,html
350,html
350,arcgis geoservices rest api
350,ogc wms
350,csv
350,zip
350,geojson
350,kml
351,html
352,html
352,arcgis geoservices rest api
353,csv
354,csv
354,rdf
354,json
354,xml
355,csv
355,rdf
355,json
355,xml
356,csv
356,rdf
356,json
356,xml
357,html
357,csv
358,csv
360,html
361,html
363,csv
363,rdf
363,json
363,xml
365,html
365,pdf
365,xlsb
366,html
367,html
368,html
369,zip
370,html
370,csv
371,csv
371,rdf
371,json
371,xml
372,csv
372,rdf
372,json
372,xml
373,html
375,html
375,arcgis geoservices rest api
375,csv
375,zip
375,geojson
375,kml
375,text
375,xls
375,gpkg
375,gdb
376,csv
376,rdf
376,json
376,xml
377,csv
377,rdf
377,json
377,xml
378,csv
378,xml
379,html
379,arcgis geoservices rest api
379,csv
379,zip
379,geojson
379,kml
380,html
380,application/vnd.api+json
383,esri rest
383,wms
383,wfs
383,kml
383,pdf
384,html
384,application/vnd.lotus-organizer
384,wcs
384,wms
385,api
386,html
387,csv
388,csv
389,html
390,zip
390,csv
391,html
392,html
394,html
394,gov
394,ipynb
394,text
395,csv
395,rdf
395,json
395,xml
396,csv
396,rdf
396,json
396,xml
398,csv
398,rdf
398,json
398,xml
399,html
400,html
400,api
400,xls
401,csv
401,rdf
401,json
401,xml
402,csv
402,pdf
402,xls
402,zip
404,api
404,bin
405,csv
405,rdf
405,json
405,xml
407,html
408,xls
409,zip
410,zip
411,html
411,arcgis geoservices rest api
411,ogc wms
411,csv
411,zip
411,geojson
411,kml
412,csv
412,rdf
412,json
412,xml
413,pdf
414,csv
414,rdf
414,json
414,xml
416,csv
416,rdf
416,json
416,xml
417,html
417,csv
418,csv
418,rdf
418,json
418,xml
419,html
419,arcgis geoservices rest api
419,csv
419,geojson
419,zip
420,wms
420,wfs
420,qgis
420,zip
420,gml
420,kml
420,json
420,csv
420,xls
420,xml
420,html
421,csv
421,rdf
421,json
421,xml
422,csv
422,rdf
422,json
422,xml
423,csv
423,zip
423,xls
424,csv
424,rdf
424,json
424,xml
425,zip
426,zip
426,html
427,xml
428,xml
428,html
428,arcgis geoservices rest api
428,pdf
428,zip
428,csv
428,geojson
428,kml
430,html
430,arcgis geoservices rest api
431,zip
433,csv
433,rdf
433,json
433,xml
434,csv
434,rdf
434,json
434,xml
435,html
435,arcgis geoservices rest api
435,csv
435,zip
435,geojson
435,kml
435,text
435,xls
435,gpkg
435,gdb
436,html
436,csv
437,xls
437,zip
437,pdf
437,html
439,html
441,csv
441,rdf
441,json
441,xml
442,html
443,csv
443,rdf
443,json
443,xml
444,csv
444,rdf
444,json
444,xml
445,zip
446,csv
446,rdf
446,json
446,xml
448,xls
449,html
451,html
451,application/opensearchdescription+xml
452,zip
452,xml
452,wms
452,esri rest
453,pdf
455,zip
456,csv
456,rdf
456,json
456,xml
457,csv
459,zip
460,html
461,csv
461,rdf
461,json
461,xml
462,html
463,comma separated files in a compressed zip file
464,csv
464,rdf
464,json
464,xml
465,csv
465,rdf
465,json
465,xml
468,csv
468,rdf
468,json
468,xml
469,csv
469,rdf
469,json
469,xml
471,html
471,csv
472,html
474,csv
474,rdf
474,json
474,xml
475,csv
475,rdf
475,json
475,xsl
478,csv
478,rdf
478,json
478,xml
479,csv
479,rdf
479,json
479,xml
480,html
481,xls
482,text
483,tiff
483,text
484,html
484,arcgis geoservices rest api
484,csv
484,zip
484,geojson
484,kml
485,xml
486,csv
486,rdf
486,json
486,xml
487,xls
487,pdf
487,44
488,xml
489,html
491,wms
491,wfs
491,qgis
491,zip
491,gml
491,kml
491,json
491,csv
491,xls
491,xml
491,html
493,esri rest
494,csv
494,rdf
494,json
494,xml
495,html
495,api
496,data
496,doc
496,csv
496,pdf
496,xls
496,html
496,zip
497,html
497,arcgis geoservices rest api
497,csv
497,zip
497,geojson
497,kml
498,zip
498,xls
498,csv
498,text
500,html
501,xml
501,html
501,ogc wms
501,csv
501,zip
501,geojson
501,kml
502,csv
502,rdf
502,json
502,xml
503,csv
503,rdf
503,json
503,xml
504,html
505,csv
505,rdf
505,json
505,xml
506,html
506,api
507,csv
507,rdf
507,json
507,xml
508,csv
508,xls
509,csv
509,html
510,zip
510,xml
511,html
511,arcgis geoservices rest api
512,csv
512,rdf
512,json
512,xml
513,html
514,html
514,arcgis geoservices rest api
515,html
516,pdf
516,xls
517,csv
517,rdf
517,json
517,xml
518,gov
518,html
519,csv
519,rdf
519,json
519,xml
520,csv
520,shp
520,pdf
521,html
522,xls
524,html
525,csv
525,rdf
525,json
525,xml
526,rss
526,json
527,html
527,netcdf
527,tiff
527,pdf
527,esri rest
527,wms
528,csv
528,rdf
528,json
528,xml
530,zip
531,html
532,html
532,arcgis geoservices rest api
532,csv
532,zip
532,geojson
532,kml
532,text
532,xls
532,gpkg
532,gdb
533,xls
534,zip
534,xml
534,pdf
535,csv
536,csv
536,rdf
536,json
536,xml
537,pdf
537,xls
537,bin
538,zip
538,xml
538,esri rest
539,xls
541,html
541,pdf
542,bin
542,html
542,iso
543,csv
543,shp
543,geojson
543,api
543,html
544,csv
544,rdf
544,json
544,xml
545,csv
545,rdf
545,json
545,xml
546,csv
546,rdf
546,json
546,xml
547,pdf
547,html
548,xml
548,html
548,arcgis geoservices rest api
548,pdf
548,zip
548,csv
548,geojson
548,kml
549,application/vnd.lotus-organizer
549,wfs
549,wms
550,html
550,json
550,csv
550,zip
550,application/vnd.geo+json
550,kml
550,text
550,xls
550,application/geopackage+sqlite3
551,html
551,xls
551,pdf
552,html
553,html
554,zip
554,xml
554,esri rest
555,html
556,pdf
556,csv
556,zip
556,text
556,jpeg
558,xls
559,csv
559,rdf
559,json
559,xml
561,api
563,html web page
565,zip
566,zip
566,pdf
566,xls
567,csv
567,rdf
567,json
567,xml
568,xls
568,csv
569,csv
569,rdf
569,json
569,xml
570,text
571,csv
571,rdf
571,json
571,xml
572,csv
572,rdf
572,json
572,xml
573,xls
574,csv
574,rdf
574,json
574,xml
575,csv
575,rdf
575,json
575,xml
576,wms
576,wfs
576,qgis
576,zip
576,gml
576,kml
576,json
576,csv
576,xls
576,xml
576,html
577,csv
578,zip
578,xml
578,pdf
579,html
579,arcgis geoservices rest api
580,csv
580,pdf
580,xls
580,zip
581,zip
583,xml
583,html
583,arcgis geoservices rest api
583,csv
583,geojson
583,zip
583,kml
584,html
585,html
586,zip
586,pdf
586,html
587,html
587,csv
588,csv
588,rdf
588,json
588,xml
589,html
590,csv
590,rdf
590,json
590,xml
591,csv
591,zip
593,html
594,xml
595,zip
596,api
597,csv
597,rdf
597,json
597,xml
600,csv
600,rdf
600,json
600,xml
601,text
601,bin
601,text/x-web-markdown
603,html
604,csv
608,zip
609,csv
610,html
610,pdf
610,zip
610,gz
612,api
612,xls
613,xls
614,csv
614,rdf
614,json
614,xml
615,zip
615,xml
615,esri rest
616,api
616,xml
617,html
618,html
621,html
621,arcgis geoservices rest api
621,csv
621,zip
621,geojson
621,kml
622,csv
623,html
623,csv
623,shp
624,html
624,csv
626,html
628,csv
628,rdf
628,json
628,xml
629,csv
629,rdf
629,json
629,xml
630,png
630,html
630,bin
630,pdf
630,iso
632,api
633,html
633,api
633,pdf
634,csv
634,rdf
634,json
634,xml
635,csv
635,rdf
635,json
635,xml
636,tiff
636,shp
636,api
636,jpeg
636,html
636,ecw
637,csv
637,text
637,xml
638,html
638,pdf
639,html
639,application/vnd.api+json
640,text/xls
641,html
641,arcgis geoservices rest api
642,html
643,wms
643,wfs
643,qgis
643,zip
643,gml
643,kml
643,json
643,csv
643,xls
643,xml
643,html
645,html
646,xls
647,zip
647,pdf
648,html
649,xml
650,html
650,csv
651,csv
651,rdf
651,json
651,xml
652,xml
653,pdf
653,jpeg
653,xls
653,csv
653,html
654,zip
654,csv
654,xls
655,html
656,html
657,zip
657,xml
657,esri rest
658,csv
658,rdf
658,json
658,xml
659,zip
659,xml
659,esri rest
660,xls
661,zip
662,html
663,csv
663,rdf
663,json
663,xml
664,xls
665,pdf
666,zip
666,xml
666,esri rest
667,html
667,xls
669,html
670,zip
670,xml
670,esri rest
671,text
672,html
673,csv
673,rdf
673,json
673,xml
674,html
676,csv
677,xls
679,xls
679,html
679,zip
679,csv
679,xslx
680,csv
680,html
680,application/vnd.google-apps.document
680,pdf
680,zip
681,zip
682,html
682,wms
683,api
685,zip
686,csv
686,rdf
686,json
686,xml
687,data explorer
688,csv
688,rdf
688,json
688,xml
689,html
690,text
690,html
692,csv
692,rdf
692,json
692,xml
693,csv
693,rdf
693,json
693,xml
695,api
696,csv
696,rdf
696,json
696,xml
697,kml
697,wms
697,esri rest
697,zip
697,html
697,pdf
698,csv
698,rdf
698,json
698,xml
699,xls
700,html
702,html
703,csv
703,rdf
703,json
703,xml
705,csv
706,html
706,arcgis geoservices rest api
706,csv
706,zip
706,geojson
706,kml
706,text
706,xls
706,gpkg
706,gdb
707,xml
708,csv
708,rdf
708,json
708,xml
710,api
711,html
712,csv
712,zip
713,html
713,json
713,csv
713,zip
713,application/vnd.geo+json
713,kml
713,text
713,xls
713,application/geopackage+sqlite3
714,xls
715,html
715,xml
715,wms
715,esri rest
715,pdf
717,csv
717,rdf
717,json
717,xml
718,xls
719,csv
719,rdf
719,json
719,xml
720,html
721,csv
722,zip
722,kml
722,xml
722,arcgis geoservices rest api
722,csv
722,html
722,geojson
724,api
725,html
726,html
727,csv
727,html
727,pdf
727,zip
728,csv
728,xls
728,json
728,api
729,csv
729,xls
729,text
730,html
730,json
730,csv
730,zip
730,application/vnd.geo+json
730,kml
730,text
730,xls
730,application/geopackage+sqlite3
731,html
731,pdf
732,xls
732,text
733,html
733,application/vnd.lotus-organizer
733,wcs
733,wms
734,xls
735,zip
735,xml
735,esri rest
737,csv
737,rdf
737,json
737,xml
738,csv
738,rdf
738,json
738,xml
740,html
740,arcgis geoservices rest api
741,bin
741,pdf
741,iso
742,html
742,arcgis geoservices rest api
742,ogc wms
742,csv
742,zip
742,geojson
742,kml
743,csv
743,rdf
743,json
743,xml
745,csv
745,rdf
745,json
745,xml
746,xml
746,html
746,arcgis geoservices rest api
746,ogc wms
746,csv
746,zip
746,geojson
746,kml
747,csv
747,rdf
747,json
747,xml
748,csv
748,xls
748,zip
749,csv
749,rdf
749,json
749,xml
750,xml
751,csv
751,rdf
751,json
751,xml
752,csv
752,rdf
752,json
752,xml
753,csv
753,xml
754,bin
754,html
754,zip
754,png
754,csv
754,pdf
754,iso
756,xml
757,html
757,arcgis geoservices rest api
757,ogc wms
757,csv
757,zip
757,geojson
757,kml
758,csv
758,rdf
758,json
758,xml
759,csv
759,rdf
759,json
759,xml
760,html
761,pdf
761,text
761,csv
761,html
762,csv
762,rdf
762,json
762,xml
763,html
763,arcgis geoservices rest api
763,ogc wms
763,csv
763,zip
763,geojson
763,kml
764,zipped accdb
764,html
764,pdf
765,zip
765,esri rest
766,pdf
766,xls
767,xml
768,xls
769,csv
769,rdf
769,json
769,xml
770,html
771,csv
771,rdf
771,json
771,xml
772,wms
772,wfs
772,qgis
772,zip
772,gml
772,kml
772,json
772,csv
772,xls
772,xml
772,html
773,gov
773,html
773,md
773,ipynb
773,xls
773,csv
773,zip
774,csv
774,rdf
774,json
774,xml
775,csv
775,rdf
775,json
775,xml
777,text
777,pdf
777,esri rest
777,kml
777,csv
777,html
779,doc
779,pdf
780,html
781,html
781,json
781,csv
781,zip
781,application/vnd.geo+json
781,kml
783,csv
783,pdf
784,csv
784,rdf
784,json
784,xml
785,zip
785,html
785,wms
785,esri rest
787,application/html
788,compressed zip file containing csv data files.
789,html
789,csv
792,csv
792,pdf
793,csv
793,text
793,application/x-hdf
794,csv
794,rdf
794,json
794,xml
795,zip
795,xml
795,esri rest
798,html
799,xml
799,html
799,arcgis geoservices rest api
799,csv
799,zip
799,geojson
799,kml
800,api
801,esri rest
802,html
802,arcgis geoservices rest api
802,ogc wms
802,csv
802,zip
802,geojson
802,kml
803,csv
803,rdf
803,json
803,xml
804,xml
805,xls
805,zip
806,xml
807,html
807,arcgis geoservices rest api
807,csv
807,zip
807,geojson
807,kml
807,text
807,xls
807,gpkg
807,gdb
808,csv
808,rdf
808,json
808,xml
809,zip
809,xml
809,pdf
810,api
811,html
812,csv
812,rdf
812,json
812,xml
813,html
814,csv
814,rdf
814,json
814,xml
815,json
816,html
816,wms
817,html
817,pdf
817,xls
817,zip
819,zip
820,zip
821,html
821,arcgis geoservices rest api
821,csv
821,zip
821,geojson
821,kml
822,csv
822,xls
822,zip
823,zip
823,xml
825,csv
825,rdf
825,json
825,xml
826,application/vnd.lotus-organizer
826,wfs
826,wms
829,html
830,html
832,zip
832,esri rest
832,html
833,json
834,xls
834,csv
836,xml
836,html
836,arcgis geoservices rest api
836,pdf
836,zip
836,csv
836,geojson
836,kml
837,html
838,html
840,html
840,csv
841,xls
841,pdf
842,csv
842,rdf
842,json
842,xml
843,wms
843,wfs
843,qgis
843,zip
843,gml
843,kml
843,json
843,csv
843,xls
843,xml
843,html
844,csv
844,rdf
844,json
844,xml
845,html
846,csv
846,pdf
848,csv
848,rdf
848,json
848,xml
849,html
849,csv
850,data explorer
850,text
851,csv
851,rdf
851,json
851,xml
852,csv
852,rdf
852,json
852,xml
853,pdf
853,xls
854,xml
855,zip
855,pdf
856,html
857,zip
857,html
858,csv
858,api
858,html
859,csv
859,rdf
859,json
859,xml
860,csv
861,html
862,csv
862,rdf
862,json
862,xml
863,xls
864,csv
865,csv
865,pdf
866,html
866,kml
866,pdf
868,html
869,xml
869,html
869,arcgis geoservices rest api
869,ogc wms
869,csv
869,zip
869,geojson
869,kml
870,xml
871,html
872,zip
872,xml
872,esri rest
873,csv
873,xml
874,wms
874,wfs
874,qgis
874,zip
874,gml
874,kml
874,json
874,csv
874,xls
874,xml
874,html
875,html
875,xml
876,zip
876,html
878,csv
878,rdf
878,json
878,xml
879,text
880,html
881,html
881,json
881,csv
881,zip
881,application/vnd.geo+json
881,kml
881,text
881,xls
881,application/geopackage+sqlite3
882,html
883,las
883,html
883,gdb
884,csv
884,pdf
884,zip
885,csv
885,rdf
885,json
885,xml
886,csv
887,zip
890,csv
890,rdf
890,json
890,xml
891,csv
891,rdf
891,json
891,xml
892,csv
892,rdf
892,json
892,xml
893,csv
893,rdf
893,json
893,xml
894,api
895,csv
895,zip
895,kml
895,geojson
895,xml
895,arcgis geoservices rest api
895,html
896,html
898,xml
898,html
898,arcgis geoservices rest api
898,ogc wms
898,csv
898,zip
898,geojson
898,kml
899,csv
899,rdf
899,json
899,xsl
900,zip
900,pdf
900,csv
900,html
900,xls
901,csv
901,rdf
901,json
901,xml
902,csv
903,csv
903,rdf
903,json
903,xml
905,csv
905,rdf
905,json
905,xml
906,xls
907,html
908,html
908,arcgis geoservices rest api
908,csv
908,zip
908,geojson
908,kml
908,text
908,xls
908,gpkg
908,gdb
909,pdf
910,html
910,arcgis geoservices rest api
910,csv
910,zip
910,geojson
910,kml
911,api
912,csv
912,rdf
912,json
912,xml
913,html
915,csv
916,text
918,microsoft excel
918,csv
919,html
922,data explorer
922,csv
923,esri rest
924,csv
924,rdf
924,json
924,xml
925,html
925,json
925,csv
925,zip
925,application/vnd.geo+json
925,kml
925,text
925,xls
925,application/geopackage+sqlite3
926,zip
926,xml
926,pdf
927,xls
928,csv
928,rdf
928,json
928,xml
929,csv
929,rdf
929,json
929,xml
930,csv
930,rdf
930,json
930,xml
931,html
932,csv
932,rdf
932,json
932,xml
933,html
933,arcgis geoservices rest api
933,csv
933,geojson
933,zip
935,microsoft word file
935,data are in comma separated variable format
936,html
936,arcgis geoservices rest api
936,ogc wms
936,csv
936,zip
936,geojson
936,kml
938,csv
938,rdf
938,json
938,xml
939,xls
939,pdf
940,zip
940,xml
941,html
941,arcgis geoservices rest api
941,csv
941,zip
941,geojson
941,kml
942,xls
942,doc
942,pdf
942,zip
943,html
943,api
944,zip
945,xml
945,html
945,arcgis geoservices rest api
945,pdf
945,zip
945,csv
945,geojson
945,kml
946,xls
947,csv
947,rdf
947,json
947,xml
948,api
950,html
951,csv
952,xls
953,zip
954,html
954,json
954,csv
954,zip
954,application/vnd.geo+json
954,kml
954,text
954,xls
954,application/geopackage+sqlite3
955,html
956,zip
957,html
957,arcgis geoservices rest api
957,csv
957,zip
957,geojson
957,kml
957,text
957,xls
957,gpkg
957,gdb
958,xls
959,html
960,csv
960,rdf
960,json
960,xml
961,text
961,pdf
961,zipped exe executable
961,zipped sql and text files
963,esri rest
964,xml
964,html
964,arcgis geoservices rest api
966,api
967,zip
967,xml
967,esri rest
968,xml
969,csv
969,xml
970,csv
970,rdf
970,json
970,xml
971,xls
972,csv
972,xml
973,html
974,csv
974,rdf
974,json
974,xml
975,csv
975,rdf
975,json
975,xml
976,csv
976,rdf
976,json
976,xml
977,html
977,xls
978,xls
979,data explorer
979,text
980,csv
980,rdf
980,json
980,xml
981,html
982,csv
982,r
982,xls
983,api
984,csv
984,rdf
984,json
984,xml
986,csv
986,zip
987,html
988,zip
988,xml
988,esri rest
989,csv
989,xls
990,html
991,zip
993,esri rest
994,zip
994,xml
994,esri rest
995,csv
995,rdf
995,json
995,xml
996,pdf
996,xls
996,zip
997,csv
997,rdf
997,json
997,xml
998,csv
999,html
999,pdf
1000,csv
1000,rdf
1000,json
1000,xml
1001,hypertext markup language (html) (.html)
1002,kml
1002,arcgis geoservices rest api
1002,geojson
1002,zip
1002,xml
1002,html
1002,csv
1003,api
1003,html
1003,csv
1005,csv
1005,xls
1005,zip
1006,xml
1007,csv
1007,rdf
1007,json
1007,xml
1008,csv
1008,doc
1009,zip
1009,xml
1009,esri rest
1010,text
1011,csv
1011,rdf
1011,json
1011,xml
1013,xml
1014,xls
1015,csv
1015,rdf
1015,json
1015,xml
1016,zip
1016,esri rest
1017,csv
1017,rdf
1017,json
1017,xml
1019,wms
1019,wfs
1019,qgis
1019,zip
1019,gml
1019,kml
1019,json
1019,csv
1019,xls
1019,xml
1019,html
1020,application/vnd.ms-pkistl
1022,csv
1022,html
1023,csv
1023,rdf
1023,json
1023,xml
1024,zip
1024,xls
1025,pdf
1026,csv
1026,html
1027,zip
1028,zip
1028,esri rest
1029,csv
1029,rdf
1029,json
1029,xml
1030,html
1030,zip
1030,text
1030,png
1030,kml
1030,tiff
1031,esri rest
1031,zip
1032,zip
1033,csv
1033,rdf
1033,json
1033,xml
1034,csv
1034,rdf
1034,json
1034,xml
1035,csv
1035,rdf
1035,json
1035,xml
1036,html
1036,csv
1038,csv
1038,sas
1038,spss
1038,pdf
1038,html
1040,xls
1042,xml
1043,pdf
1044,xls
1045,xls
1046,csv
1046,rdf
1046,json
1046,xml
1047,csv
1047,rdf
1047,json
1047,xml
1048,zip
1048,xml
1048,pdf
1049,html
1050,html
1051,csv
1051,xml
1052,csv
1052,rdf
1052,json
1052,xml
1053,csv
1053,rdf
1053,json
1053,xml
1054,csv
1054,zip
1054,html
1056,csv
1056,rdf
1056,json
1056,xml
1057,html
1058,csv
1058,rdf
1058,json
1058,xml
1059,api
1061,html
1061,gov
1062,html
1064,pdf
1064,text
1064,csv
1064,html
1065,csv
1065,rdf
1065,json
1065,xml
1066,csv
1066,rdf
1066,json
1066,xml
1067,zip
1069,csv
1069,zip
1071,html
1071,csv
1072,html
1072,exe
1072,application/vnd.snesdev-page-table
1073,csv
1073,pdf
1073,chart
1073,zip
1074,html
1075,csv
1075,rdf
1075,json
1075,xml
1076,bin
1078,html
1078,arcgis geoservices rest api
1078,ogc wms
1078,csv
1078,zip
1078,geojson
1078,kml
1079,api
1080,csv
1080,rdf
1080,json
1080,xml
1081,html
1082,zip
1084,xml
1085,html
1086,csv
1086,rdf
1086,json
1086,xml
1087,csv
1087,rdf
1087,json
1087,xml
1088,html
1088,arcgis geoservices rest api
1088,ogc wms
1088,csv
1088,zip
1088,geojson
1088,kml
1090,xls
1091,xls
1092,html
1092,api
1093,csv
1093,zip
1094,csv
1094,rdf
1094,json
1094,xml
1095,xml
1095,html
1095,arcgis geoservices rest api
1095,csv
1095,geojson
1095,zip
1095,kml
1097,application/unknown
1098,html
1099,zip
1099,xml
1099,pdf
1100,csv
1100,rdf
1100,json
1100,xml
1101,xml
1104,xls
1105,html
1106,pdf
1107,bin
1107,html
1109,text
1109,zipped spss
1109,zipped sas
1109,zipped stata
1109,zipped r
1109,zipped ascii
1109,zipped csv
1110,xls
1110,pdf
1110,csv
1110,zip
1110,las
1111,html
1111,arcgis geoservices rest api
1111,csv
1111,zip
1111,geojson
1111,kml
1111,text
1111,xls
1111,gpkg
1111,gdb
1112,api
1114,html
1115,csv
1115,rdf
1115,json
1115,xml
1116,csv
1116,pdf
1116,zip
1117,html
1119,zip
1119,xml
1119,esri rest
1120,zip
1122,html
1122,wcs
1122,wms
1123,html
1124,html
1125,csv
1125,rdf
1125,json
1125,xml
1126,csv
1126,rdf
1126,json
1126,xml
1127,csv
1127,rdf
1127,json
1127,xml
1128,zip
1129,html
1129,csv
1129,gdb
1129,geojson
1129,api
1130,zip
1130,html
1131,csv
1131,rdf
1131,json
1131,xml
1132,zip
1132,xml
1132,esri rest
1133,csv
1133,rdf
1133,json
1133,xml
1134,html
1135,csv
1135,rdf
1135,json
1135,xml
1136,html
1137,html
1137,jpeg
1139,html
1139,csv
1140,csv
1140,rdf
1140,json
1140,xml
1142,xls
1143,xls
1144,csv
1144,rdf
1144,json
1144,xml
1145,xls
1147,csv
1147,rdf
1147,json
1147,xml
1148,csv
1148,rdf
1148,json
1148,xml
1149,csv
1149,rdf
1149,json
1149,xml
1150,html
1151,csv
1151,rdf
1151,json
1151,xml
1152,xml
1153,html
1153,csv
1153,xls
1154,csv
1154,rdf
1154,json
1154,xml
1155,csv
1155,rdf
1155,json
1155,xml
1156,xml
1156,zip
1157,html
1157,arcgis geoservices rest api
1158,zipped dat
1158,zipped xls
1160,zip
1160,xml
1160,esri rest
1161,csv
1161,rdf
1161,json
1161,xml
1162,csv
1162,rdf
1162,json
1162,xml
1163,pdf
1164,csv
1164,rdf
1164,json
1164,xml
1165,xml
1165,text/json
1165,rss
1165,json
1165,html
1165,arcgis geoservices rest api
1165,csv
1165,zip
1165,geojson
1165,kml
1165,text
1165,xls
1165,gpkg
1165,gdb
1166,zip
1166,xml
1167,html
1167,pdf
1168,html
1169,xls
1170,csv
1170,rdf
1170,json
1170,xml
1171,bin
1171,html
1171,iso
1172,csv
1172,rdf
1172,json
1172,xml
1174,html
1175,html
1175,geojson
1175,zip
1175,arcgis geoservices rest api
1175,kml
1175,csv
1177,csv
1177,rdf
1177,json
1177,xml
1178,csv
1178,rdf
1178,json
1178,xml
1180,html
1181,html
1182,csv
1182,rdf
1182,json
1182,xml
1183,html
1183,arcgis geoservices rest api
1183,csv
1183,geojson
1183,zip
1183,kml
1184,html
1184,arcgis geoservices rest api
1184,ogc wms
1184,csv
1184,zip
1184,geojson
1184,kml
1185,xls
1185,036
1186,csv
1186,rdf
1186,json
1186,xml
1188,csv
1188,rdf
1188,json
1188,xml
1189,zip
1190,csv
1190,rdf
1190,json
1190,xml
1191,zip
1191,csv
1191,html
1191,pdf
1191,lyr
1191,png
1192,html
1193,zip
1193,pdf
1193,ttl
1193,gov
1195,zip
1195,xml
1195,esri rest
1196,csv
1196,rdf
1196,json
1196,xml
1197,zip
1198,csv
1198,rdf
1198,json
1198,xml
1201,api
1202,api
1204,api
1205,xls
1207,html
1207,arcgis geoservices rest api
1208,html
1208,arcgis geoservices rest api
1208,csv
1208,zip
1208,geojson
1208,kml
1209,zip
1209,esri rest
1210,csv
1210,rdf
1210,json
1210,xml
1211,csv
1211,rdf
1211,json
1211,xml
1212,bin
1213,csv
1214,html
1214,arcgis geoservices rest api
1215,html
1215,esri rest
1215,wms
1215,wfs
1215,kml
1216,xml
1216,html
1216,arcgis geoservices rest api
1216,pdf
1216,zip
1216,csv
1216,geojson
1216,kml
1217,html
1217,arcgis geoservices rest api
1217,csv
1217,zip
1217,geojson
1217,kml
1217,text
1217,xls
1217,gpkg
1217,gdb
1219,csv
1219,xml
1220,csv
1220,rdf
1220,json
1220,xml
1222,bin
1222,iso
1223,html
1223,arcgis geoservices rest api
1223,ogc wms
1223,csv
1223,zip
1223,geojson
1223,kml
1224,html
1227,api
1228,csv
1229,csv
1229,rdf
1229,json
1229,xml
1230,html
1231,csv
1231,rdf
1231,json
1231,xml
1232,html
1233,zip
1234,arcgis geoservices rest api
1234,html
1235,json
1235,csv
1235,geojson
1235,shp
1236,pdf
1236,xls
1236,zip
1237,html
1239,html
1239,arcgis geoservices rest api
1239,csv
1239,zip
1239,geojson
1239,kml
1239,text
1239,xls
1239,gpkg
1239,gdb
1240,csv
1240,rdf
1240,json
1240,xml
1241,text
1242,csv
1243,xls
1244,accdb
1244,pdf
1246,zip
1246,esri rest
1248,csv
1248,rdf
1248,json
1248,xml
1249,csv downloads
1250,zip
1250,xml
1250,pdf
1252,csv
1252,xls
1252,zip
1253,xml
1254,html
1255,text
1256,html
1257,xml
1257,html
1257,arcgis geoservices rest api
1257,csv
1257,geojson
1257,zip
1257,kml
1258,html
1260,html
1260,csv
1261,xml
1263,zip
1264,zip
1264,esri rest
1265,csv
1265,rdf
1265,json
1265,xml
1266,tiff
1267,zip
1267,html
1267,wms
1267,esri rest
1268,csv
1268,rdf
1268,json
1268,xml
1269,csv
1269,rdf
1269,json
1269,xml
1270,xls
1270,xlsl
1274,csv
1274,rdf
1274,json
1274,xml
1275,csv
1275,xml
1276,html
1276,arcgis geoservices rest api
1276,ogc wms
1276,csv
1276,zip
1276,geojson
1276,kml
1277,xml
1277,html
1277,arcgis geoservices rest api
1277,ogc wms
1277,csv
1277,zip
1277,geojson
1277,kml
1278,csv
1280,csv
1280,rdf
1280,json
1280,xml
1281,csv
1281,rdf
1281,json
1281,xml
1282,zip
1283,html
1284,pdf
1284,xls
1284,csv
1285,html
1285,jpeg
1287,csv
1287,xml
1289,csv
1290,xml
1290,text/json
1290,rss
1290,json
1290,html
1290,arcgis geoservices rest api
1290,csv
1290,zip
1290,geojson
1290,kml
1290,text
1290,xls
1290,gpkg
1290,gdb
1291,csv
1291,rdf
1291,json
1291,xml
1293,html
1295,zip
1295,xml
1297,csv
1297,rdf
1297,json
1297,xml
1298,xml
1299,csv
1300,json
1300,application/text
1301,html
1301,text/javascript
1301,application/simple-filter+xml
1301,text/troff
1301,application/vnd.lotus-organizer
1301,exe
1302,html
1303,csv
1303,rdf
1303,json
1303,xml
1305,html
1306,html
1306,csv
1307,csv
1307,rdf
1307,json
1307,xml
1308,csv
1308,rdf
1308,json
1308,xml
1309,csv
1309,rdf
1309,json
1309,xml
1310,zip
1310,xml
1310,esri rest
1311,csv
1311,rdf
1311,json
1311,xml
1312,csv
1312,rdf
1312,json
1312,xml
1313,html
1314,csv
1314,rdf
1314,json
1314,xml
1315,api
1316,html
1317,csv
1317,html
1318,csv
1318,rdf
1318,json
1318,xml
1319,zip
1319,xml
1319,esri rest
1320,zip installer
1320,zip
1321,csv
1321,rdf
1321,json
1321,xml
1322,html
1323,html
1323,netcdf
1323,wcs
1323,wms
1323,pdf
1323,esri rest
1325,png
1325,html
1325,bin
1325,pdf
1325,iso
1326,png
1326,bin
1326,bmp
1326,csv
1326,application/x-pkcs7-certificates
1326,xml
1326,text
1326,tiff
1326,zip
1326,xls
1326,application/x-matlab-data
1326,jpeg
1326,text/x-objcsrc
1326,pdf
1326,powerpoint
1326,doc
1327,html
1328,md
1328,html
1329,xml
1329,html
1329,arcgis geoservices rest api
1329,pdf
1329,zip
1329,csv
1329,geojson
1329,kml
1330,html
1330,csv
1331,csv
1331,rdf
1331,json
1331,xml
1333,csv
1333,rdf
1333,json
1333,xml
1334,csv
1334,xls
1334,html
1335,json
1337,html
1338,csv
1338,rdf
1338,json
1338,xml
1339,zip
1339,xml
1339,esri rest
1340,api
1340,csv
1341,csv
1341,rdf
1341,json
1341,xml
1342,html
1344,html
1345,csv
1345,rdf
1345,json
1345,xml
1346,html
1346,csv
1347,csv
1347,rdf
1347,json
1347,xml
1348,html
1349,xml
1349,html
1349,arcgis geoservices rest api
1350,zip
1350,xls
1350,html
1351,html
1351,arcgis geoservices rest api
1353,pdf
1354,pdf
1355,csv
1355,rdf
1355,json
1355,xml
1357,html
1357,zip
1357,xls
1357,pdf
1358,pdf
1358,xls
1358,zip
1359,html
1359,application/vnd.api+json
1360,csv
1360,rdf
1360,json
1360,xml
1361,csv
1361,rdf
1361,json
1361,xml
1363,html
1363,arcgis geoservices rest api
1363,csv
1363,zip
1363,geojson
1363,kml
1364,zip
1365,text
1366,zip
1366,esri rest
1366,pdf
1367,csv
1367,rdf
1367,json
1367,xml
1368,xls
1368,xml
1370,zip
1372,bin
1374,xml
1374,csv
1375,html
1375,pdf
1376,json
1378,zip
1378,xml
1378,pdf
1380,csv
1380,rdf
1380,json
1380,xml
1381,html
1382,zip
1382,xml
1382,esri rest
1384,csv
1384,rdf
1384,json
1384,xml
1385,xml
1385,html
1386,csv
1386,rdf
1386,json
1386,xml
1389,zip
1389,xml
1389,esri rest
1390,zip
1390,xml
1390,esri rest
1392,data explorer
1393,html
1394,xml
1394,html
1394,zip
1395,html
1397,zip
1399,html
1400,zip
1402,csv
1402,rdf
1402,json
1402,xml
1404,csv
1404,rdf
1404,json
1404,xml
1405,xls
1407,html
1408,png
1408,html
1408,bin
1408,pdf
1408,iso
1409,zip
1410,zip
1411,application/xlsx
1412,zip
1413,csv
1413,rdf
1413,json
1413,xml
1414,xml
1414,html
1414,arcgis geoservices rest api
1414,csv
1414,zip
1414,geojson
1414,kml
1415,csv
1415,rdf
1415,json
1415,xml
1416,application/vnd.lotus-organizer
1416,wfs
1416,wms
1417,zip
1417,xml
1417,pdf
1418,pdf
1419,csv
1419,rdf
1419,json
1419,xml
1422,geojson
1422,zip
1422,kml
1422,arcgis geoservices rest api
1422,csv
1422,xml
1422,html
1423,zip
1423,html
1424,html
1424,application/vnd.lotus-organizer
1424,wcs
1424,wms
1425,csv
1425,rdf
1425,json
1425,xml
1427,html
1428,csv
1428,rdf
1428,json
1428,xml
1429,text
1430,zip
1430,esri rest
1431,windows .exe
1432,html
1434,pdf
1435,csv
1435,xls
1435,html
1436,api
1437,api
1438,csv
1438,sas
1438,spss
1438,pdf
1438,html
1438,xls
1439,html
1439,bin
1441,html
1441,pdf
1442,api
1444,html
1445,xml
1446,csv
1446,rdf
1446,json
1446,xml
1447,zip
1447,xml
1447,esri rest
1448,csv
1448,rdf
1448,json
1448,xml
1449,html
1449,bin
1449,css
1450,zip
1452,csv
1452,rdf
1452,json
1452,xml
1453,csv
1453,rdf
1453,json
1453,xml
1454,zip
1454,xml
1455,pdf
1455,csv
1455,zip
1456,text
1456,html
1456,plain text
1457,zip
1457,xml
1457,esri rest
1458,zip
1459,html
1460,html
1460,csv
1461,xls
1462,csv
1462,rdf
1462,json
1462,xml
1463,pdf
1463,csv
1464,html
1465,csv
1465,rdf
1465,json
1465,xml
1468,kml
1468,pdf
1468,csv
1468,html
1469,csv
1469,rdf
1469,json
1469,xml
1470,xls
1470,text
1471,csv
1471,rdf
1471,json
1471,xml
1472,csv
1472,rdf
1472,json
1472,xml
1473,csv
1473,rdf
1473,json
1473,xml
1476,text
1476,csv file encoded with utf-8
1476,microsoft excel worksheet
1477,xls
1477,pdf
1478,pdf
1479,12029
1479,html
1479,zip
1479,md
1480,html
1480,arcgis geoservices rest api
1480,ogc wms
1480,csv
1480,zip
1480,geojson
1480,kml
1481,html
1482,csv
1482,rdf
1482,json
1482,xml
1483,xls
1484,csv
1484,rdf
1484,json
1484,xml
1486,api
1487,csv
1487,rdf
1487,json
1487,xml
1488,csv
1488,rdf
1488,json
1488,xml
1489,csv
1489,rdf
1489,json
1489,xml
1492,csv
1492,pdf
1493,zip
1495,csv
1495,rdf
1495,json
1495,xml
1496,csv
1496,rdf
1496,json
1496,xml
1497,zip file with six subfolders containing sem image collections
1497,zip file contains mask images and the initial intensity image with max contrast and min noise
1497,zip contains three folders with tensorflow ai models
1497,zip file contains a folder with image quality metrics and a folder with ai model accuracy
1497,url
1497,text
1498,html
1499,html
1499,arcgis geoservices rest api
1500,html
1500,csv
1502,html
1502,pdf
1503,xml
1504,api
1505,html
1505,pdf
1506,csv
1506,rdf
1506,json
1506,xml
1507,html
1508,csv
1508,rdf
1508,json
1508,xml
1509,html
1510,application/vnd.ms-pkistl
1511,html
1511,arcgis geoservices rest api
1511,ogc wms
1511,csv
1511,zip
1511,geojson
1511,kml
1512,csv
1512,zip
1514,zip
1514,html
1515,api
1515,bin
1516,csv
1516,rdf
1516,json
1516,xml
1517,html
1517,xls
1517,gpkg
1518,zip
1518,html
1518,wms
1518,esri rest
1521,csv
1521,rdf
1521,json
1521,xml
1522,zip
1522,xml
1522,esri rest
1524,csv
1524,rdf
1524,json
1524,xml
1525,csv
1525,rdf
1525,json
1525,xml
1526,csv
1526,pdf
1527,csv
1527,xml
1528,html
1528,xls
1528,pdf
1529,csv
1529,rdf
1529,json
1529,xml
1530,text
1532,csv
1532,rdf
1532,json
1532,xml
1533,csv
1533,rdf
1533,json
1533,xml
1534,xls
1534,html
1534,pdf
1534,gov
1536,rdf
1536,xml
1536,html
1537,html
1538,html
1538,arcgis geoservices rest api
1538,csv
1538,zip
1538,geojson
1538,kml
1539,zip
1539,xml
1539,esri rest
1540,zip
1540,xml
1540,esri rest
1541,xls
1542,csv
1542,rdf
1542,json
1542,xml
1545,html
1545,api
1546,csv
1546,rdf
1546,json
1546,xml
1547,zip
1547,xml
1547,esri rest
1548,text
1548,bin
1550,csv
1550,png
1550,application/x-matlab-data
1550,text/x-objcsrc
1550,xls
1550,pdf
1550,text
1551,html
1552,html
1553,csv
1553,rdf
1553,json
1553,xml
1554,pdf
1554,kml
1554,csv
1555,zip
1555,html
1557,csv
1557,rdf
1557,json
1557,xml
1558,html
1559,csv
1559,rdf
1559,json
1559,xml
1560,cdf
1561,html
1561,arcgis geoservices rest api
1561,csv
1561,zip
1561,geojson
1561,kml
1562,xml
1563,zip
1563,csv
1563,xls
1565,csv
1565,rdf
1565,json
1565,xml
1566,html
1566,arcgis geoservices rest api
1566,ogc wms
1566,csv
1566,zip
1566,geojson
1566,kml
1567,zip
1568,api
1569,csv
1570,csv
1571,html
1572,zip
1573,html
1573,arcgis geoservices rest api
1573,csv
1573,zip
1573,geojson
1573,kml
1573,text
1573,xls
1573,gpkg
1573,gdb
1574,text
1574,xls
1575,html
1576,csv
1576,rdf
1576,json
1576,xml
1577,pdf
1578,csv
1578,rdf
1578,json
1578,xml
1579,csv
1579,rdf
1579,json
1579,xml
1580,csv
1580,rdf
1580,json
1580,xml
1581,html
1581,csv
1583,xml
1583,esri rest
1585,html
1585,csv
1586,nsrl main page
1587,html
1588,aspx
1588,pdf
1588,doc
1588,xls
1588,csv
1588,zip
1589,html
1591,csv
1591,rdf
1591,json
1591,xml
1592,csv
1592,geojson
1592,zip
1592,text
1594,csv
1594,rdf
1594,json
1594,xml
1595,html
1595,arcgis geoservices rest api
1595,ogc wms
1595,csv
1595,zip
1595,geojson
1595,kml
1596,csv
1596,rdf
1596,json
1596,xml
1597,csv
1597,rdf
1597,json
1597,xml
1598,csv
1598,rdf
1598,json
1598,xml
1599,html
1599,csv
1600,html
1600,application/unknown
1601,html
1602,csv
1602,rdf
1602,json
1602,xml
1603,json
1603,csv
1604,zip
1605,zip
1605,bin
1606,csv
1607,zip
1607,html
1608,zip
1608,xml
1608,esri rest
1609,xls
1610,xls
1611,csv
1611,rdf
1611,json
1611,xml
1612,html
1612,arcgis geoservices rest api
1612,ogc wms
1612,csv
1612,zip
1612,geojson
1612,kml
1613,api
1613,bin
1614,xml
1615,zip
1615,pdf
1617,xml
1617,tfw
1617,tiff
1617,cpg
1617,dbase
1617,ovr
1617,text
1618,html
1619,text
1619,xls
1620,xls
1621,xls
1622,csv
1622,rdf
1622,json
1622,xml
1623,zip
1624,zip
1624,json
1624,pdf
1624,xls
1625,csv
1625,rdf
1625,json
1625,xml
1626,zip
1626,xml
1626,esri rest
1627,csv
1627,rdf
1627,json
1627,xml
1628,html
1628,esri rest
1628,wms
1629,xls
1630,csv
1630,xml
1631,csv
1631,rdf
1631,json
1631,xml
1632,zip
1632,pdf
1633,html
1633,jpeg
1634,csv
1634,rdf
1634,json
1634,xml
1635,csv
1635,rdf
1635,json
1635,xml
1636,html
1637,xls
1638,zip
1639,zip
1639,xml
1640,html
1640,arcgis geoservices rest api
1640,ogc wms
1640,csv
1640,zip
1640,geojson
1640,kml
1641,xls
1642,zip
1643,csv
1643,rdf
1643,json
1643,xml
1644,html
1644,doc
1644,pdf
1644,xls
1644,csv
1644,zip
1645,csv
1645,xls
1646,csv
1647,csv
1647,rdf
1647,json
1647,xml
1649,csv
1649,rdf
1649,json
1649,xml
1650,csv
1651,arcgis geoservices rest api
1651,kml
1651,text
1651,csv
1651,gdb
1651,xls
1651,geojson
1651,zip
1651,xml
1651,html
1652,csv
1652,sas
1652,pdf
1653,csv
1653,rdf
1653,json
1653,xml
1655,zip
1655,xml
1655,esri rest
1656,bin
1657,zip
1657,xml
1658,zip
1658,html
1659,html
1659,arcgis geoservices rest api
1659,ogc wms
1659,csv
1659,zip
1659,geojson
1659,kml
1660,csv
1660,rdf
1660,json
1660,xml
1661,zip
1661,csv
1661,xls
1661,doc
1661,pdf
1662,zip
1662,pdf
1665,csv
1665,rdf
1665,json
1665,xml
1666,zip
1666,html
1668,pdf
1669,esri rest
1669,html
1670,csv
1670,rdf
1670,json
1670,xml
1671,html
1671,json
1671,csv
1671,zip
1671,application/vnd.geo+json
1671,kml
1672,xls
1673,csv
1673,rdf
1673,json
1673,xml
1674,image/jpg
1675,html
1676,xls
1677,html
1678,json
1678,csv
1679,csv
1680,atom feed
1681,pdf
1681,xls
1682,bin
1682,pdf
1682,iso
1684,zip
1684,xml
1684,esri rest
1685,html
1685,npz
1687,html
1687,arcgis geoservices rest api
1687,ogc wms
1687,csv
1687,zip
1687,geojson
1687,kml
1688,csv
1688,rdf
1688,json
1688,xml
1689,zip
1689,xml
1689,pdf
1691,csv
1691,rdf
1691,json
1691,xml
1693,xml
1695,zip
1696,html
1697,zip
1697,xml
1697,esri rest
1698,pdf
1699,csv
1699,rdf
1699,json
1699,xml
1700,csv
1700,pdf
1700,zip
1701,csv
1701,rdf
1701,json
1701,xml
1702,zip
1703,xml
1703,html
1703,csv
1703,zip
1703,geojson
1703,kml
1704,html
1706,xml
1707,xml
1707,csv
1708,xml
1709,csv
1709,xls
1709,zip
1710,csv
1710,rdf
1710,json
1710,xml
1711,html
1712,csv
1712,rdf
1712,json
1712,xml
1713,zip
1713,xml
1713,esri rest
1714,csv
1714,rdf
1714,json
1714,xml
1715,csv
1715,rdf
1715,json
1715,xml
1717,xls
1718,csv
1718,rdf
1718,json
1718,xml
1719,csv
1719,rdf
1719,json
1719,xml
1720,csv
1720,rdf
1720,json
1720,xml
1721,xls
1722,csv
1722,rdf
1722,json
1722,xml
1723,html
1723,arcgis geoservices rest api
1723,csv
1723,zip
1723,geojson
1723,kml
1724,xls
1724,html
1724,zip
1725,comma-separated values (.csv)
1726,html
1726,arcgis geoservices rest api
1726,csv
1726,zip
1726,geojson
1726,kml
1728,pdf
1730,csv
1730,rdf
1730,json
1730,xml
1731,html
1731,xml
1731,trec qrels
1732,xml
1732,html
1733,xls
1733,csv
1733,zip
1734,xml
1734,html
1734,arcgis geoservices rest api
1734,csv
1734,zip
1734,geojson
1734,kml
1735,html
1736,zip
1737,zip
1738,html
1738,arcgis geoservices rest api
1738,csv
1738,zip
1738,geojson
1738,kml
1739,text
1740,html
1741,html
1741,arcgis geoservices rest api
1741,csv
1741,zip
1741,geojson
1741,kml
1742,csv
1742,rdf
1742,json
1742,xml
1743,html
1743,pdf
1744,csv
1744,rdf
1744,json
1744,xml
1745,api
1746,csv
1746,rdf
1746,json
1746,xml
1748,csv
1748,rdf
1748,json
1748,xml
1749,pdf
1750,html
1750,csv
1751,html
1753,csv
1753,rdf
1753,json
1753,xml
1755,xml
1755,xls
1756,html
1756,arcgis geoservices rest api
1756,ogc wms
1756,csv
1756,zip
1756,geojson
1756,kml
1758,html
1758,xml
1759,pdf
1759,xls
1759,csv
1759,zip
1760,csv
1760,rdf
1760,json
1760,xml
1761,xls
1762,csv
1762,rdf
1762,json
1762,xml
1763,csv
1763,rdf
1763,json
1763,xml
1765,csv
1765,rdf
1765,json
1765,xml
1766,html
1766,arcgis geoservices rest api
1766,csv
1766,zip
1766,geojson
1766,kml
1767,html
1767,arcgis geoservices rest api
1768,json
1768,zip
1769,csv
1769,rdf
1769,json
1769,xml
1770,pdf
1770,zip
1770,xls
1771,png
1771,html
1771,bin
1771,pdf
1771,iso
1772,pdf
1773,html
1774,csv
1774,rdf
1774,json
1774,xml
1775,csv
1775,rdf
1775,json
1775,xml
1776,csv
1776,zip
1777,pdf
1777,zip
1777,csv
1778,html
1778,csv
1779,csv
1780,html
1781,xml
1781,html
1781,arcgis geoservices rest api
1781,csv
1781,zip
1781,geojson
1781,kml
1782,xls
1784,html
1785,zipped csv
1786,bin
1786,pdf
1786,iso
1787,html
1787,esri rest
1789,zip
1790,csv
1790,rdf
1790,json
1790,xml
1791,xml
1791,csv
1792,xls
1793,csv
1793,rdf
1793,json
1793,xml
1794,csv
1794,xml
1795,xls
1796,csv
1796,rdf
1796,json
1796,xml
1797,csv
1797,rdf
1797,json
1797,xml
1798,csv
1798,rdf
1798,json
1798,xml
1800,zip
1800,xml
1801,csv
1801,rdf
1801,json
1801,xml
1802,zip
1802,html
1803,csv
1803,rdf
1803,json
1803,xml
1805,csv
1805,rdf
1805,json
1805,xml
1806,csv
1806,rdf
1806,json
1806,xml
1807,html
1808,csv
1808,rdf
1808,json
1808,xml
1809,xls
1811,bin
1811,html
1811,iso
1812,csv
1812,rdf
1812,json
1812,xml
1813,html
1813,arcgis geoservices rest api
1813,ogc wms
1813,csv
1813,zip
1813,geojson
1813,kml
1814,csv
1814,rdf
1814,json
1814,xml
1816,html
1817,csv
1817,rdf
1817,json
1817,xml
1818,csv
1818,rdf
1818,json
1818,xml
1820,html
1821,html
1823,csv
1824,zip
1824,xml
1824,esri rest
1825,html
1825,arcgis geoservices rest api
1825,csv
1825,zip
1825,geojson
1825,kml
1825,text
1825,xls
1825,gpkg
1825,gdb
1826,bin
1826,html
1826,zip
1826,jpeg
1826,pdf
1826,iso
1827,pdf
1827,csv
1828,pdf
1829,csv
1829,rdf
1829,json
1829,xml
1830,csv
1830,rdf
1830,json
1830,xml
1831,arcgis map service
1831,arcgis map preview
1832,csv
1833,csv
1833,pdf
1834,csv
1835,csv
1836,html
1836,arcgis geoservices rest api
1837,html
1837,json
1837,csv
1837,zip
1837,application/vnd.geo+json
1837,kml
1837,text
1837,xls
1837,application/geopackage+sqlite3
1838,csv
1838,rdf
1838,json
1838,xml
1839,zip
1839,xml
1839,wms
1839,esri rest
1840,html
1841,html
1842,csv
1843,zip
1844,pdf
1845,xml
1846,xls
1846,csv
1847,xls
1848,aspx
1848,doc
1848,pdf
1848,xls
1848,csv
1848,html
1848,zip
1849,zip
1849,html
1850,csv
1850,rdf
1850,json
1850,xml
1851,csv
1852,api
1853,api
1854,html
1856,html
1857,html
1857,arcgis geoservices rest api
1857,csv
1857,geojson
1857,zip
1857,kml
1859,xls
1861,xls
1863,zip
1863,html
1864,zip
1864,xml
1864,esri rest
1865,pdf
1866,csv
1866,rdf
1866,json
1866,xml
1867,csv
1867,rdf
1867,json
1867,xml
1868,html
1869,json
1869,csv
1870,pdf
1870,zip
1870,xls
1870,html
1872,csv
1872,rdf
1872,json
1872,xml
1874,csv
1874,rdf
1874,json
1874,xml
1876,csv
1876,rdf
1876,json
1876,xml
1877,csv
1877,rdf
1877,json
1877,xml
1878,zip
1878,xml
1878,esri rest
1880,csv
1880,rdf
1880,json
1880,xml
1881,html
1882,api
1883,api
1884,html
1884,arcgis geoservices rest api
1885,zip
1885,xml
1885,pdf
1886,csv
1886,rdf
1886,json
1886,xml
1887,csv
1887,rdf
1887,json
1887,xml
1888,csv
1888,rdf
1888,json
1888,xml
1889,csv
1889,rdf
1889,json
1889,xml
1890,html
1890,arcgis geoservices rest api
1890,csv
1890,zip
1890,geojson
1890,kml
1890,text
1890,xls
1890,gpkg
1890,gdb
1891,pdf
1893,csv
1893,rdf
1893,json
1893,xml
1894,csv
1894,zip
1896,zip
1896,xml
1896,esri rest
1897,html
1898,zip
1898,xml
1898,esri rest
1899,json
1899,csv
1899,shp
1899,geojson
1900,esri rest
1900,kml
1900,html
1901,csv
1901,rdf
1901,json
1901,xml
1902,csv
1902,rdf
1902,json
1902,xml
1903,shp
1903,geojson
1903,geoparquet
1904,csv
1904,rdf
1904,json
1904,xml
1905,csv
1907,csv
1907,rdf
1907,json
1907,xml
1908,html
1908,the downloaded file is in zipped format with the images in png format
1909,csv
1909,rdf
1909,json
1909,xml
1910,csv
1911,html
1911,application/vnd.lotus-organizer
1911,wcs
1911,wms
1912,zip
1912,xml
1912,esri rest
1913,zip
1913,xml
1913,esri rest
1914,pdf
1914,zip
1915,html
1915,json
1915,csv
1915,zip
1915,application/vnd.geo+json
1915,kml
1916,csv
1916,xml
1918,zip
1918,xml
1918,esri rest
1919,html
1920,xls
1921,csv
1921,rdf
1921,json
1921,xml
1922,kml
1922,xml
1922,html
1922,geojson
1922,zip
1922,arcgis geoservices rest api
1922,csv
1923,csv
1923,rdf
1923,json
1923,xml
1924,csv
1924,rdf
1924,json
1924,xml
1925,csv
1925,rdf
1925,json
1925,xml
1927,xml
1927,html
1927,arcgis geoservices rest api
1927,csv
1927,geojson
1927,zip
1927,kml
1928,esri rest
1929,json
1929,xls
1930,zip
1930,xml
1930,esri rest
1932,application/vnd.lotus-organizer
1932,wfs
1932,wms
1933,csv
1933,rdf
1933,json
1933,xml
1934,csv
1934,rdf
1934,json
1934,xml
1935,html
1935,pdf
1936,zip
1937,zip
1938,zip
1938,html
1938,wms
1938,esri rest
1939,xls
1940,zip
1940,xml
1940,esri rest
1941,csv
1941,rdf
1941,json
1941,xml
1943,html
1943,arcgis geoservices rest api
1943,ogc wms
1943,csv
1943,zip
1943,geojson
1943,kml
1944,csv
1944,rdf
1944,json
1944,xml
1945,csv
1945,rdf
1945,json
1945,xml
1947,html
1949,zip
1950,html
1951,csv
1951,pdf
1951,zip
1952,pdf
1953,zip
1953,xml
1953,esri rest
1955,zip
1955,doc
1956,csv
1956,rdf
1956,json
1956,xml
1957,api
1958,xml
1960,html
1962,csv
1962,rdf
1962,json
1962,xml
1963,api
1964,zip
1965,csv
1965,rdf
1965,json
1965,xml
1966,csv
1966,rdf
1966,json
1966,xml
1967,csv
1967,html
1968,csv
1968,rdf
1968,json
1968,xml
1969,html
1969,xml
1970,csv
1970,rdf
1970,json
1970,xml
1971,html
1971,xls
1972,html
1973,xml
1974,zip
1974,html
1974,text
1974,pdf
1975,csv
1975,rdf
1975,json
1975,xml
1976,bin
1976,pdf
1976,iso
1977,zip
1977,xml
1978,wms
1978,wfs
1978,qgis
1978,zip
1978,gml
1978,kml
1978,json
1978,csv
1978,xls
1978,xml
1978,html
1980,csv
1980,rdf
1980,json
1980,xml
1981,xml
1982,csv
1982,zip
1983,pdf
1983,csv
1983,zip
1984,pdf
1985,api
1986,csv
1986,zip
1988,html
1988,arcgis geoservices rest api
1989,html
1989,esri rest
1989,wms
1990,csv
1991,csv
1991,rdf
1991,json
1991,xml
1993,csv
1993,rdf
1993,json
1993,xml
1994,csv
1994,rdf
1994,json
1994,xml
1995,zip
1996,html
1997,api
1998,csv
1998,rdf
1998,json
1998,xml
1999,csv
1999,rdf
1999,json
1999,xml
2000,csv
2000,rdf
2000,json
2000,xml
