DatasetID,TagName
1185,036
1479,12029
487,44
1244,accdb
47,api
56,api
102,api
108,api
155,api
176,api
185,api
199,api
216,api
220,api
250,api
309,api
314,api
337,api
385,api
400,api
404,api
495,api
506,api
543,api
561,api
596,api
612,api
616,api
632,api
633,api
636,api
683,api
695,api
710,api
724,api
728,api
800,api
810,api
858,api
894,api
911,api
943,api
948,api
966,api
983,api
1003,api
1059,api
1079,api
1092,api
1112,api
1129,api
1201,api
1202,api
1204,api
1227,api
1315,api
1340,api
1436,api
1437,api
1442,api
1486,api
1504,api
1515,api
1545,api
1568,api
1613,api
1745,api
1852,api
1853,api
1882,api
1883,api
1957,api
1963,api
1985,api
1997,api
304,application/geopackage+sqlite3
550,application/geopackage+sqlite3
713,application/geopackage+sqlite3
730,application/geopackage+sqlite3
881,application/geopackage+sqlite3
925,application/geopackage+sqlite3
954,application/geopackage+sqlite3
1837,application/geopackage+sqlite3
205,application/html
330,application/html
787,application/html
451,application/opensearchdescription+xml
1301,application/simple-filter+xml
1300,application/text
314,application/unknown
1097,application/unknown
1600,application/unknown
380,application/vnd.api+json
639,application/vnd.api+json
1359,application/vnd.api+json
550,application/vnd.geo+json
713,application/vnd.geo+json
730,application/vnd.geo+json
781,application/vnd.geo+json
881,application/vnd.geo+json
925,application/vnd.geo+json
954,application/vnd.geo+json
1671,application/vnd.geo+json
1837,application/vnd.geo+json
1915,application/vnd.geo+json
680,application/vnd.google-apps.document
384,application/vnd.lotus-organizer
549,application/vnd.lotus-organizer
733,application/vnd.lotus-organizer
826,application/vnd.lotus-organizer
1301,application/vnd.lotus-organizer
1416,application/vnd.lotus-organizer
1424,application/vnd.lotus-organizer
1911,application/vnd.lotus-organizer
1932,application/vnd.lotus-organizer
1020,application/vnd.ms-pkistl
1510,application/vnd.ms-pkistl
1072,application/vnd.snesdev-page-table
793,application/x-hdf
1326,application/x-matlab-data
1550,application/x-matlab-data
1326,application/x-pkcs7-certificates
1411,application/xlsx
11,"arcgis geoservices rest api"
96,"arcgis geoservices rest api"
104,"arcgis geoservices rest api"
119,"arcgis geoservices rest api"
225,"arcgis geoservices rest api"
229,"arcgis geoservices rest api"
230,"arcgis geoservices rest api"
232,"arcgis geoservices rest api"
233,"arcgis geoservices rest api"
241,"arcgis geoservices rest api"
252,"arcgis geoservices rest api"
302,"arcgis geoservices rest api"
312,"arcgis geoservices rest api"
325,"arcgis geoservices rest api"
329,"arcgis geoservices rest api"
336,"arcgis geoservices rest api"
350,"arcgis geoservices rest api"
352,"arcgis geoservices rest api"
375,"arcgis geoservices rest api"
379,"arcgis geoservices rest api"
411,"arcgis geoservices rest api"
419,"arcgis geoservices rest api"
428,"arcgis geoservices rest api"
430,"arcgis geoservices rest api"
435,"arcgis geoservices rest api"
484,"arcgis geoservices rest api"
497,"arcgis geoservices rest api"
511,"arcgis geoservices rest api"
514,"arcgis geoservices rest api"
532,"arcgis geoservices rest api"
548,"arcgis geoservices rest api"
579,"arcgis geoservices rest api"
583,"arcgis geoservices rest api"
621,"arcgis geoservices rest api"
641,"arcgis geoservices rest api"
706,"arcgis geoservices rest api"
722,"arcgis geoservices rest api"
740,"arcgis geoservices rest api"
742,"arcgis geoservices rest api"
746,"arcgis geoservices rest api"
757,"arcgis geoservices rest api"
763,"arcgis geoservices rest api"
799,"arcgis geoservices rest api"
802,"arcgis geoservices rest api"
807,"arcgis geoservices rest api"
821,"arcgis geoservices rest api"
836,"arcgis geoservices rest api"
869,"arcgis geoservices rest api"
895,"arcgis geoservices rest api"
898,"arcgis geoservices rest api"
908,"arcgis geoservices rest api"
910,"arcgis geoservices rest api"
933,"arcgis geoservices rest api"
936,"arcgis geoservices rest api"
941,"arcgis geoservices rest api"
945,"arcgis geoservices rest api"
957,"arcgis geoservices rest api"
964,"arcgis geoservices rest api"
1002,"arcgis geoservices rest api"
1078,"arcgis geoservices rest api"
1088,"arcgis geoservices rest api"
1095,"arcgis geoservices rest api"
1111,"arcgis geoservices rest api"
1157,"arcgis geoservices rest api"
1165,"arcgis geoservices rest api"
1175,"arcgis geoservices rest api"
1183,"arcgis geoservices rest api"
1184,"arcgis geoservices rest api"
1207,"arcgis geoservices rest api"
1208,"arcgis geoservices rest api"
1214,"arcgis geoservices rest api"
1216,"arcgis geoservices rest api"
1217,"arcgis geoservices rest api"
1223,"arcgis geoservices rest api"
1234,"arcgis geoservices rest api"
1239,"arcgis geoservices rest api"
1257,"arcgis geoservices rest api"
1276,"arcgis geoservices rest api"
1277,"arcgis geoservices rest api"
1290,"arcgis geoservices rest api"
1329,"arcgis geoservices rest api"
1349,"arcgis geoservices rest api"
1351,"arcgis geoservices rest api"
1363,"arcgis geoservices rest api"
1414,"arcgis geoservices rest api"
1422,"arcgis geoservices rest api"
1480,"arcgis geoservices rest api"
1499,"arcgis geoservices rest api"
1511,"arcgis geoservices rest api"
1538,"arcgis geoservices rest api"
1561,"arcgis geoservices rest api"
1566,"arcgis geoservices rest api"
1573,"arcgis geoservices rest api"
1595,"arcgis geoservices rest api"
1612,"arcgis geoservices rest api"
1640,"arcgis geoservices rest api"
1651,"arcgis geoservices rest api"
1659,"arcgis geoservices rest api"
1687,"arcgis geoservices rest api"
1723,"arcgis geoservices rest api"
1726,"arcgis geoservices rest api"
1734,"arcgis geoservices rest api"
1738,"arcgis geoservices rest api"
1741,"arcgis geoservices rest api"
1756,"arcgis geoservices rest api"
1766,"arcgis geoservices rest api"
1767,"arcgis geoservices rest api"
1781,"arcgis geoservices rest api"
1813,"arcgis geoservices rest api"
1825,"arcgis geoservices rest api"
1836,"arcgis geoservices rest api"
1857,"arcgis geoservices rest api"
1884,"arcgis geoservices rest api"
1890,"arcgis geoservices rest api"
1922,"arcgis geoservices rest api"
1927,"arcgis geoservices rest api"
1943,"arcgis geoservices rest api"
1988,"arcgis geoservices rest api"
1831,"arcgis map preview"
1831,"arcgis map service"
1588,aspx
1848,aspx
1680,"atom feed"
107,bin
215,bin
404,bin
537,bin
542,bin
601,bin
630,bin
741,bin
754,bin
1076,bin
1107,bin
1171,bin
1212,bin
1222,bin
1325,bin
1326,bin
1372,bin
1408,bin
1439,bin
1449,bin
1515,bin
1548,bin
1605,bin
1613,bin
1656,bin
1682,bin
1771,bin
1786,bin
1811,bin
1826,bin
1976,bin
1326,bmp
1560,cdf
247,chart
1073,chart
463,"comma separated files in a compressed zip file"
102,"comma separated value spreadsheet"
280,"comma-separated values (.csv)"
1725,"comma-separated values (.csv)"
788,"compressed zip file containing csv data files."
1617,cpg
1449,css
1,csv
2,csv
3,csv
4,csv
6,csv
7,csv
9,csv
11,csv
12,csv
13,csv
14,csv
16,csv
17,csv
18,csv
19,csv
23,csv
26,csv
27,csv
28,csv
31,csv
32,csv
34,csv
36,csv
43,csv
46,csv
52,csv
53,csv
55,csv
58,csv
61,csv
62,csv
63,csv
65,csv
66,csv
72,csv
75,csv
76,csv
79,csv
85,csv
89,csv
90,csv
91,csv
100,csv
101,csv
104,csv
109,csv
110,csv
115,csv
116,csv
117,csv
119,csv
120,csv
122,csv
125,csv
126,csv
127,csv
133,csv
134,csv
137,csv
141,csv
142,csv
146,csv
147,csv
148,csv
150,csv
151,csv
154,csv
158,csv
163,csv
164,csv
165,csv
166,csv
169,csv
171,csv
173,csv
174,csv
175,csv
177,csv
179,csv
184,csv
195,csv
201,csv
203,csv
204,csv
209,csv
210,csv
212,csv
217,csv
221,csv
227,csv
229,csv
230,csv
231,csv
233,csv
235,csv
238,csv
240,csv
242,csv
243,csv
244,csv
245,csv
246,csv
247,csv
253,csv
257,csv
260,csv
261,csv
263,csv
264,csv
266,csv
267,csv
272,csv
277,csv
278,csv
284,csv
286,csv
287,csv
294,csv
300,csv
301,csv
305,csv
306,csv
307,csv
308,csv
311,csv
313,csv
315,csv
316,csv
317,csv
322,csv
324,csv
325,csv
326,csv
327,csv
329,csv
333,csv
335,csv
336,csv
338,csv
341,csv
347,csv
350,csv
353,csv
354,csv
355,csv
356,csv
357,csv
358,csv
363,csv
370,csv
371,csv
372,csv
375,csv
376,csv
377,csv
378,csv
379,csv
387,csv
388,csv
390,csv
395,csv
396,csv
398,csv
401,csv
402,csv
405,csv
411,csv
412,csv
414,csv
416,csv
417,csv
418,csv
419,csv
420,csv
421,csv
422,csv
423,csv
424,csv
428,csv
433,csv
434,csv
435,csv
436,csv
441,csv
443,csv
444,csv
446,csv
456,csv
457,csv
461,csv
464,csv
465,csv
468,csv
469,csv
471,csv
474,csv
475,csv
478,csv
479,csv
484,csv
486,csv
491,csv
494,csv
496,csv
497,csv
498,csv
501,csv
502,csv
503,csv
505,csv
507,csv
508,csv
509,csv
512,csv
517,csv
519,csv
520,csv
525,csv
528,csv
532,csv
535,csv
536,csv
543,csv
544,csv
545,csv
546,csv
548,csv
550,csv
556,csv
559,csv
567,csv
568,csv
569,csv
571,csv
572,csv
574,csv
575,csv
576,csv
577,csv
580,csv
583,csv
587,csv
588,csv
590,csv
591,csv
597,csv
600,csv
604,csv
609,csv
614,csv
621,csv
622,csv
623,csv
624,csv
628,csv
629,csv
634,csv
635,csv
637,csv
643,csv
650,csv
651,csv
653,csv
654,csv
658,csv
663,csv
673,csv
676,csv
679,csv
680,csv
686,csv
688,csv
692,csv
693,csv
696,csv
698,csv
703,csv
705,csv
706,csv
708,csv
712,csv
713,csv
717,csv
719,csv
721,csv
722,csv
727,csv
728,csv
729,csv
730,csv
737,csv
738,csv
742,csv
743,csv
745,csv
746,csv
747,csv
748,csv
749,csv
751,csv
752,csv
753,csv
754,csv
757,csv
758,csv
759,csv
761,csv
762,csv
763,csv
769,csv
771,csv
772,csv
773,csv
774,csv
775,csv
777,csv
781,csv
783,csv
784,csv
789,csv
792,csv
793,csv
794,csv
799,csv
802,csv
803,csv
807,csv
808,csv
812,csv
814,csv
821,csv
822,csv
825,csv
834,csv
836,csv
840,csv
842,csv
843,csv
844,csv
846,csv
848,csv
849,csv
851,csv
852,csv
858,csv
859,csv
860,csv
862,csv
864,csv
865,csv
869,csv
873,csv
874,csv
878,csv
881,csv
884,csv
885,csv
886,csv
890,csv
891,csv
892,csv
893,csv
895,csv
898,csv
899,csv
900,csv
901,csv
902,csv
903,csv
905,csv
908,csv
910,csv
912,csv
915,csv
918,csv
922,csv
924,csv
925,csv
928,csv
929,csv
930,csv
932,csv
933,csv
936,csv
938,csv
941,csv
945,csv
947,csv
951,csv
954,csv
957,csv
960,csv
969,csv
970,csv
972,csv
974,csv
975,csv
976,csv
980,csv
982,csv
984,csv
986,csv
989,csv
995,csv
997,csv
998,csv
1000,csv
1002,csv
1003,csv
1005,csv
1007,csv
1008,csv
1011,csv
1015,csv
1017,csv
1019,csv
1022,csv
1023,csv
1026,csv
1029,csv
1033,csv
1034,csv
1035,csv
1036,csv
1038,csv
1046,csv
1047,csv
1051,csv
1052,csv
1053,csv
1054,csv
1056,csv
1058,csv
1064,csv
1065,csv
1066,csv
1069,csv
1071,csv
1073,csv
1075,csv
1078,csv
1080,csv
1086,csv
1087,csv
1088,csv
1093,csv
1094,csv
1095,csv
1100,csv
1110,csv
1111,csv
1115,csv
1116,csv
1125,csv
1126,csv
1127,csv
1129,csv
1131,csv
1133,csv
1135,csv
1139,csv
1140,csv
1144,csv
1147,csv
1148,csv
1149,csv
1151,csv
1153,csv
1154,csv
1155,csv
1161,csv
1162,csv
1164,csv
1165,csv
1170,csv
1172,csv
1175,csv
1177,csv
1178,csv
1182,csv
1183,csv
1184,csv
1186,csv
1188,csv
1190,csv
1191,csv
1196,csv
1198,csv
1208,csv
1210,csv
1211,csv
1213,csv
1216,csv
1217,csv
1219,csv
1220,csv
1223,csv
1228,csv
1229,csv
1231,csv
1235,csv
1239,csv
1240,csv
1242,csv
1248,csv
1252,csv
1257,csv
1260,csv
1265,csv
1268,csv
1269,csv
1274,csv
1275,csv
1276,csv
1277,csv
1278,csv
1280,csv
1281,csv
1284,csv
1287,csv
1289,csv
1290,csv
1291,csv
1297,csv
1299,csv
1303,csv
1306,csv
1307,csv
1308,csv
1309,csv
1311,csv
1312,csv
1314,csv
1317,csv
1318,csv
1321,csv
1326,csv
1329,csv
1330,csv
1331,csv
1333,csv
1334,csv
1338,csv
1340,csv
1341,csv
1345,csv
1346,csv
1347,csv
1355,csv
1360,csv
1361,csv
1363,csv
1367,csv
1374,csv
1380,csv
1384,csv
1386,csv
1402,csv
1404,csv
1413,csv
1414,csv
1415,csv
1419,csv
1422,csv
1425,csv
1428,csv
1435,csv
1438,csv
1446,csv
1448,csv
1452,csv
1453,csv
1455,csv
1460,csv
1462,csv
1463,csv
1465,csv
1468,csv
1469,csv
1471,csv
1472,csv
1473,csv
1480,csv
1482,csv
1484,csv
1487,csv
1488,csv
1489,csv
1492,csv
1495,csv
1496,csv
1500,csv
1506,csv
1508,csv
1511,csv
1512,csv
1516,csv
1521,csv
1524,csv
1525,csv
1526,csv
1527,csv
1529,csv
1532,csv
1533,csv
1538,csv
1542,csv
1546,csv
1550,csv
1553,csv
1554,csv
1557,csv
1559,csv
1561,csv
1563,csv
1565,csv
1566,csv
1569,csv
1570,csv
1573,csv
1576,csv
1578,csv
1579,csv
1580,csv
1581,csv
1585,csv
1588,csv
1591,csv
1592,csv
1594,csv
1595,csv
1596,csv
1597,csv
1598,csv
1599,csv
1602,csv
1603,csv
1606,csv
1611,csv
1612,csv
1622,csv
1625,csv
1627,csv
1630,csv
1631,csv
1634,csv
1635,csv
1640,csv
1643,csv
1644,csv
1645,csv
1646,csv
1647,csv
1649,csv
1650,csv
1651,csv
1652,csv
1653,csv
1659,csv
1660,csv
1661,csv
1665,csv
1670,csv
1671,csv
1673,csv
1678,csv
1679,csv
1687,csv
1688,csv
1691,csv
1699,csv
1700,csv
1701,csv
1703,csv
1707,csv
1709,csv
1710,csv
1712,csv
1714,csv
1715,csv
1718,csv
1719,csv
1720,csv
1722,csv
1723,csv
1726,csv
1730,csv
1733,csv
1734,csv
1738,csv
1741,csv
1742,csv
1744,csv
1746,csv
1748,csv
1750,csv
1753,csv
1756,csv
1759,csv
1760,csv
1762,csv
1763,csv
1765,csv
1766,csv
1769,csv
1774,csv
1775,csv
1776,csv
1777,csv
1778,csv
1779,csv
1781,csv
1790,csv
1791,csv
1793,csv
1794,csv
1796,csv
1797,csv
1798,csv
1801,csv
1803,csv
1805,csv
1806,csv
1808,csv
1812,csv
1813,csv
1814,csv
1817,csv
1818,csv
1823,csv
1825,csv
1827,csv
1829,csv
1830,csv
1832,csv
1833,csv
1834,csv
1835,csv
1837,csv
1838,csv
1842,csv
1846,csv
1848,csv
1850,csv
1851,csv
1857,csv
1866,csv
1867,csv
1869,csv
1872,csv
1874,csv
1876,csv
1877,csv
1880,csv
1886,csv
1887,csv
1888,csv
1889,csv
1890,csv
1893,csv
1894,csv
1899,csv
1901,csv
1902,csv
1904,csv
1905,csv
1907,csv
1909,csv
1910,csv
1915,csv
1916,csv
1921,csv
1922,csv
1923,csv
1924,csv
1925,csv
1927,csv
1933,csv
1934,csv
1941,csv
1943,csv
1944,csv
1945,csv
1951,csv
1956,csv
1962,csv
1965,csv
1966,csv
1967,csv
1968,csv
1970,csv
1975,csv
1978,csv
1980,csv
1982,csv
1983,csv
1986,csv
1990,csv
1991,csv
1993,csv
1994,csv
1998,csv
1999,csv
2000,csv
1249,"csv downloads"
1476,"csv file encoded with utf-8"
496,data
935,"data are in comma separated variable format"
687,"data explorer"
850,"data explorer"
922,"data explorer"
979,"data explorer"
1392,"data explorer"
1617,dbase
181,doc
337,doc
496,doc
779,doc
942,doc
1008,doc
1326,doc
1588,doc
1644,doc
1661,doc
1848,doc
1955,doc
246,dta
636,ecw
26,"esri rest"
42,"esri rest"
59,"esri rest"
136,"esri rest"
152,"esri rest"
172,"esri rest"
193,"esri rest"
238,"esri rest"
258,"esri rest"
274,"esri rest"
283,"esri rest"
318,"esri rest"
383,"esri rest"
452,"esri rest"
493,"esri rest"
527,"esri rest"
538,"esri rest"
554,"esri rest"
615,"esri rest"
657,"esri rest"
659,"esri rest"
666,"esri rest"
670,"esri rest"
697,"esri rest"
715,"esri rest"
735,"esri rest"
765,"esri rest"
777,"esri rest"
785,"esri rest"
795,"esri rest"
801,"esri rest"
832,"esri rest"
872,"esri rest"
923,"esri rest"
963,"esri rest"
967,"esri rest"
988,"esri rest"
993,"esri rest"
994,"esri rest"
1009,"esri rest"
1016,"esri rest"
1028,"esri rest"
1031,"esri rest"
1119,"esri rest"
1132,"esri rest"
1160,"esri rest"
1195,"esri rest"
1209,"esri rest"
1215,"esri rest"
1246,"esri rest"
1264,"esri rest"
1267,"esri rest"
1310,"esri rest"
1319,"esri rest"
1323,"esri rest"
1339,"esri rest"
1366,"esri rest"
1382,"esri rest"
1389,"esri rest"
1390,"esri rest"
1430,"esri rest"
1447,"esri rest"
1457,"esri rest"
1518,"esri rest"
1522,"esri rest"
1539,"esri rest"
1540,"esri rest"
1547,"esri rest"
1583,"esri rest"
1608,"esri rest"
1626,"esri rest"
1628,"esri rest"
1655,"esri rest"
1669,"esri rest"
1684,"esri rest"
1697,"esri rest"
1713,"esri rest"
1787,"esri rest"
1824,"esri rest"
1839,"esri rest"
1864,"esri rest"
1878,"esri rest"
1896,"esri rest"
1898,"esri rest"
1900,"esri rest"
1912,"esri rest"
1913,"esri rest"
1918,"esri rest"
1928,"esri rest"
1930,"esri rest"
1938,"esri rest"
1940,"esri rest"
1953,"esri rest"
1989,"esri rest"
1072,exe
1301,exe
119,gdb
233,gdb
325,gdb
329,gdb
375,gdb
435,gdb
532,gdb
706,gdb
807,gdb
883,gdb
908,gdb
957,gdb
1111,gdb
1129,gdb
1165,gdb
1217,gdb
1239,gdb
1290,gdb
1573,gdb
1651,gdb
1825,gdb
1890,gdb
11,geojson
16,geojson
104,geojson
119,geojson
229,geojson
230,geojson
233,geojson
299,geojson
325,geojson
329,geojson
336,geojson
350,geojson
375,geojson
379,geojson
411,geojson
419,geojson
428,geojson
435,geojson
484,geojson
497,geojson
501,geojson
532,geojson
543,geojson
548,geojson
583,geojson
621,geojson
706,geojson
722,geojson
742,geojson
746,geojson
757,geojson
763,geojson
799,geojson
802,geojson
807,geojson
821,geojson
836,geojson
869,geojson
895,geojson
898,geojson
908,geojson
910,geojson
933,geojson
936,geojson
941,geojson
945,geojson
957,geojson
1002,geojson
1078,geojson
1088,geojson
1095,geojson
1111,geojson
1129,geojson
1165,geojson
1175,geojson
1183,geojson
1184,geojson
1208,geojson
1216,geojson
1217,geojson
1223,geojson
1235,geojson
1239,geojson
1257,geojson
1276,geojson
1277,geojson
1290,geojson
1329,geojson
1363,geojson
1414,geojson
1422,geojson
1480,geojson
1511,geojson
1538,geojson
1561,geojson
1566,geojson
1573,geojson
1592,geojson
1595,geojson
1612,geojson
1640,geojson
1651,geojson
1659,geojson
1687,geojson
1703,geojson
1723,geojson
1726,geojson
1734,geojson
1738,geojson
1741,geojson
1756,geojson
1766,geojson
1781,geojson
1813,geojson
1825,geojson
1857,geojson
1890,geojson
1899,geojson
1903,geojson
1922,geojson
1927,geojson
1943,geojson
1903,geoparquet
116,gml
420,gml
491,gml
576,gml
643,gml
772,gml
843,gml
874,gml
1019,gml
1978,gml
394,gov
518,gov
773,gov
1061,gov
1193,gov
1534,gov
119,gpkg
233,gpkg
325,gpkg
329,gpkg
375,gpkg
435,gpkg
532,gpkg
706,gpkg
807,gpkg
908,gpkg
957,gpkg
1111,gpkg
1165,gpkg
1217,gpkg
1239,gpkg
1290,gpkg
1517,gpkg
1573,gpkg
1825,gpkg
1890,gpkg
610,gz
344,h5
11,html
21,html
22,html
35,html
37,html
48,html
49,html
55,html
56,html
60,html
64,html
67,html
74,html
78,html
81,html
91,html
95,html
96,html
97,html
98,html
99,html
104,html
107,html
112,html
116,html
119,html
121,html
128,html
134,html
135,html
138,html
142,html
146,html
151,html
153,html
155,html
161,html
162,html
181,html
183,html
185,html
187,html
191,html
194,html
195,html
200,html
206,html
207,html
208,html
214,html
218,html
222,html
225,html
226,html
228,html
229,html
230,html
232,html
233,html
234,html
237,html
241,html
252,html
256,html
259,html
261,html
262,html
265,html
269,html
270,html
273,html
274,html
275,html
279,html
282,html
284,html
285,html
291,html
293,html
299,html
301,html
302,html
303,html
304,html
308,html
312,html
313,html
318,html
325,html
329,html
336,html
339,html
343,html
344,html
345,html
349,html
350,html
351,html
352,html
357,html
360,html
361,html
365,html
366,html
367,html
368,html
370,html
373,html
375,html
379,html
380,html
384,html
386,html
389,html
391,html
392,html
394,html
399,html
400,html
407,html
411,html
417,html
419,html
420,html
426,html
428,html
430,html
435,html
436,html
437,html
439,html
442,html
449,html
451,html
460,html
462,html
471,html
472,html
480,html
484,html
489,html
491,html
495,html
496,html
497,html
500,html
501,html
504,html
506,html
509,html
511,html
513,html
514,html
515,html
518,html
521,html
524,html
527,html
531,html
532,html
541,html
542,html
543,html
547,html
548,html
550,html
551,html
552,html
553,html
555,html
576,html
579,html
583,html
584,html
585,html
586,html
587,html
589,html
593,html
603,html
610,html
617,html
618,html
621,html
623,html
624,html
626,html
630,html
633,html
636,html
638,html
639,html
641,html
642,html
643,html
645,html
648,html
650,html
653,html
655,html
656,html
662,html
667,html
669,html
672,html
674,html
679,html
680,html
682,html
689,html
690,html
697,html
700,html
702,html
706,html
711,html
713,html
715,html
720,html
722,html
725,html
726,html
727,html
730,html
731,html
733,html
740,html
742,html
746,html
754,html
757,html
760,html
761,html
763,html
764,html
770,html
772,html
773,html
777,html
780,html
781,html
785,html
789,html
798,html
799,html
802,html
807,html
811,html
813,html
816,html
817,html
821,html
829,html
830,html
832,html
836,html
837,html
838,html
840,html
843,html
845,html
849,html
856,html
857,html
858,html
861,html
866,html
868,html
869,html
871,html
874,html
875,html
876,html
880,html
881,html
882,html
883,html
895,html
896,html
898,html
900,html
907,html
908,html
910,html
913,html
919,html
925,html
931,html
933,html
936,html
941,html
943,html
945,html
950,html
954,html
955,html
957,html
959,html
964,html
973,html
977,html
981,html
987,html
990,html
999,html
1002,html
1003,html
1019,html
1022,html
1026,html
1030,html
1036,html
1038,html
1049,html
1050,html
1054,html
1057,html
1061,html
1062,html
1064,html
1071,html
1072,html
1074,html
1078,html
1081,html
1085,html
1088,html
1092,html
1095,html
1098,html
1105,html
1107,html
1111,html
1114,html
1117,html
1122,html
1123,html
1124,html
1129,html
1130,html
1134,html
1136,html
1137,html
1139,html
1150,html
1153,html
1157,html
1165,html
1167,html
1168,html
1171,html
1174,html
1175,html
1180,html
1181,html
1183,html
1184,html
1191,html
1192,html
1207,html
1208,html
1214,html
1215,html
1216,html
1217,html
1223,html
1224,html
1230,html
1232,html
1234,html
1237,html
1239,html
1254,html
1256,html
1257,html
1258,html
1260,html
1267,html
1276,html
1277,html
1283,html
1285,html
1290,html
1293,html
1301,html
1302,html
1305,html
1306,html
1313,html
1316,html
1317,html
1322,html
1323,html
1325,html
1327,html
1328,html
1329,html
1330,html
1334,html
1337,html
1342,html
1344,html
1346,html
1348,html
1349,html
1350,html
1351,html
1357,html
1359,html
1363,html
1375,html
1381,html
1385,html
1393,html
1394,html
1395,html
1399,html
1407,html
1408,html
1414,html
1422,html
1423,html
1424,html
1427,html
1432,html
1435,html
1438,html
1439,html
1441,html
1444,html
1449,html
1456,html
1459,html
1460,html
1464,html
1468,html
1479,html
1480,html
1481,html
1498,html
1499,html
1500,html
1502,html
1505,html
1507,html
1509,html
1511,html
1514,html
1517,html
1518,html
1528,html
1534,html
1536,html
1537,html
1538,html
1545,html
1551,html
1552,html
1555,html
1558,html
1561,html
1566,html
1571,html
1573,html
1575,html
1581,html
1585,html
1587,html
1589,html
1595,html
1599,html
1600,html
1601,html
1607,html
1612,html
1618,html
1628,html
1633,html
1636,html
1640,html
1644,html
1651,html
1658,html
1659,html
1666,html
1669,html
1671,html
1675,html
1677,html
1685,html
1687,html
1696,html
1703,html
1704,html
1711,html
1723,html
1724,html
1726,html
1731,html
1732,html
1734,html
1735,html
1738,html
1740,html
1741,html
1743,html
1750,html
1751,html
1756,html
1758,html
1766,html
1767,html
1771,html
1773,html
1778,html
1780,html
1781,html
1784,html
1787,html
1802,html
1807,html
1811,html
1813,html
1816,html
1820,html
1821,html
1825,html
1826,html
1836,html
1837,html
1840,html
1841,html
1848,html
1849,html
1854,html
1856,html
1857,html
1863,html
1868,html
1870,html
1881,html
1884,html
1890,html
1897,html
1900,html
1908,html
1911,html
1915,html
1919,html
1922,html
1927,html
1935,html
1938,html
1943,html
1947,html
1950,html
1960,html
1967,html
1969,html
1971,html
1972,html
1974,html
1978,html
1988,html
1989,html
1996,html
563,"html web page"
1001,"hypertext markup language (html) (.html)"
1674,image/jpg
394,ipynb
773,ipynb
107,iso
542,iso
630,iso
741,iso
754,iso
1171,iso
1222,iso
1325,iso
1408,iso
1682,iso
1771,iso
1786,iso
1811,iso
1826,iso
1976,iso
64,jpeg
299,jpeg
304,jpeg
337,jpeg
556,jpeg
636,jpeg
653,jpeg
1137,jpeg
1285,jpeg
1326,jpeg
1633,jpeg
1826,jpeg
2,json
4,json
7,json
9,json
12,json
14,json
17,json
18,json
19,json
23,json
27,json
28,json
31,json
32,json
34,json
36,json
46,json
52,json
53,json
61,json
62,json
63,json
65,json
66,json
75,json
79,json
89,json
90,json
100,json
101,json
109,json
110,json
116,json
117,json
120,json
125,json
126,json
127,json
133,json
137,json
141,json
148,json
154,json
158,json
163,json
164,json
169,json
171,json
173,json
174,json
175,json
177,json
179,json
184,json
201,json
203,json
204,json
210,json
217,json
221,json
231,json
233,json
235,json
240,json
242,json
243,json
244,json
245,json
253,json
254,json
260,json
263,json
264,json
266,json
267,json
272,json
277,json
286,json
287,json
300,json
305,json
306,json
307,json
315,json
316,json
317,json
322,json
326,json
327,json
333,json
338,json
341,json
347,json
354,json
355,json
356,json
363,json
371,json
372,json
376,json
377,json
395,json
396,json
398,json
401,json
405,json
412,json
414,json
416,json
418,json
420,json
421,json
422,json
424,json
433,json
434,json
441,json
443,json
444,json
446,json
456,json
461,json
464,json
465,json
468,json
469,json
474,json
475,json
478,json
479,json
486,json
491,json
494,json
502,json
503,json
505,json
507,json
512,json
517,json
519,json
525,json
526,json
528,json
536,json
544,json
545,json
546,json
550,json
559,json
567,json
569,json
571,json
572,json
574,json
575,json
576,json
588,json
590,json
597,json
600,json
614,json
628,json
629,json
634,json
635,json
643,json
651,json
658,json
663,json
673,json
686,json
688,json
692,json
693,json
696,json
698,json
703,json
708,json
713,json
717,json
719,json
728,json
730,json
737,json
738,json
743,json
745,json
747,json
749,json
751,json
752,json
758,json
759,json
762,json
769,json
771,json
772,json
774,json
775,json
781,json
784,json
794,json
803,json
808,json
812,json
814,json
815,json
825,json
833,json
842,json
843,json
844,json
848,json
851,json
852,json
859,json
862,json
874,json
878,json
881,json
885,json
890,json
891,json
892,json
893,json
899,json
901,json
903,json
905,json
912,json
924,json
925,json
928,json
929,json
930,json
932,json
938,json
947,json
954,json
960,json
970,json
974,json
975,json
976,json
980,json
984,json
995,json
997,json
1000,json
1007,json
1011,json
1015,json
1017,json
1019,json
1023,json
1029,json
1033,json
1034,json
1035,json
1046,json
1047,json
1052,json
1053,json
1056,json
1058,json
1065,json
1066,json
1075,json
1080,json
1086,json
1087,json
1094,json
1100,json
1115,json
1125,json
1126,json
1127,json
1131,json
1133,json
1135,json
1140,json
1144,json
1147,json
1148,json
1149,json
1151,json
1154,json
1155,json
1161,json
1162,json
1164,json
1165,json
1170,json
1172,json
1177,json
1178,json
1182,json
1186,json
1188,json
1190,json
1196,json
1198,json
1210,json
1211,json
1220,json
1229,json
1231,json
1235,json
1240,json
1248,json
1265,json
1268,json
1269,json
1274,json
1280,json
1281,json
1290,json
1291,json
1297,json
1300,json
1303,json
1307,json
1308,json
1309,json
1311,json
1312,json
1314,json
1318,json
1321,json
1331,json
1333,json
1335,json
1338,json
1341,json
1345,json
1347,json
1355,json
1360,json
1361,json
1367,json
1376,json
1380,json
1384,json
1386,json
1402,json
1404,json
1413,json
1415,json
1419,json
1425,json
1428,json
1446,json
1448,json
1452,json
1453,json
1462,json
1465,json
1469,json
1471,json
1472,json
1473,json
1482,json
1484,json
1487,json
1488,json
1489,json
1495,json
1496,json
1506,json
1508,json
1516,json
1521,json
1524,json
1525,json
1529,json
1532,json
1533,json
1542,json
1546,json
1553,json
1557,json
1559,json
1565,json
1576,json
1578,json
1579,json
1580,json
1591,json
1594,json
1596,json
1597,json
1598,json
1602,json
1603,json
1611,json
1622,json
1624,json
1625,json
1627,json
1631,json
1634,json
1635,json
1643,json
1647,json
1649,json
1653,json
1660,json
1665,json
1670,json
1671,json
1673,json
1678,json
1688,json
1691,json
1699,json
1701,json
1710,json
1712,json
1714,json
1715,json
1718,json
1719,json
1720,json
1722,json
1730,json
1742,json
1744,json
1746,json
1748,json
1753,json
1760,json
1762,json
1763,json
1765,json
1768,json
1769,json
1774,json
1775,json
1790,json
1793,json
1796,json
1797,json
1798,json
1801,json
1803,json
1805,json
1806,json
1808,json
1812,json
1814,json
1817,json
1818,json
1829,json
1830,json
1837,json
1838,json
1850,json
1866,json
1867,json
1869,json
1872,json
1874,json
1876,json
1877,json
1880,json
1886,json
1887,json
1888,json
1889,json
1893,json
1899,json
1901,json
1902,json
1904,json
1907,json
1909,json
1915,json
1921,json
1923,json
1924,json
1925,json
1929,json
1933,json
1934,json
1941,json
1944,json
1945,json
1956,json
1962,json
1965,json
1966,json
1968,json
1970,json
1975,json
1978,json
1980,json
1991,json
1993,json
1994,json
1998,json
1999,json
2000,json
11,kml
104,kml
116,kml
119,kml
229,kml
230,kml
233,kml
238,kml
325,kml
329,kml
336,kml
350,kml
375,kml
379,kml
383,kml
411,kml
420,kml
428,kml
435,kml
484,kml
491,kml
497,kml
501,kml
532,kml
548,kml
550,kml
576,kml
583,kml
621,kml
643,kml
697,kml
706,kml
713,kml
722,kml
730,kml
742,kml
746,kml
757,kml
763,kml
772,kml
777,kml
781,kml
799,kml
802,kml
807,kml
821,kml
836,kml
843,kml
866,kml
869,kml
874,kml
881,kml
895,kml
898,kml
908,kml
910,kml
925,kml
936,kml
941,kml
945,kml
954,kml
957,kml
1002,kml
1019,kml
1030,kml
1078,kml
1088,kml
1095,kml
1111,kml
1165,kml
1175,kml
1183,kml
1184,kml
1208,kml
1215,kml
1216,kml
1217,kml
1223,kml
1239,kml
1257,kml
1276,kml
1277,kml
1290,kml
1329,kml
1363,kml
1414,kml
1422,kml
1468,kml
1480,kml
1511,kml
1538,kml
1554,kml
1561,kml
1566,kml
1573,kml
1595,kml
1612,kml
1640,kml
1651,kml
1659,kml
1671,kml
1687,kml
1703,kml
1723,kml
1726,kml
1734,kml
1738,kml
1741,kml
1756,kml
1766,kml
1781,kml
1813,kml
1825,kml
1837,kml
1857,kml
1890,kml
1900,kml
1915,kml
1922,kml
1927,kml
1943,kml
1978,kml
883,las
1110,las
1191,lyr
151,md
773,md
1328,md
1479,md
918,"microsoft excel"
1476,"microsoft excel worksheet"
935,"microsoft word file"
527,netcdf
1323,netcdf
1685,npz
1586,"nsrl main page"
350,"ogc wms"
411,"ogc wms"
501,"ogc wms"
742,"ogc wms"
746,"ogc wms"
757,"ogc wms"
763,"ogc wms"
802,"ogc wms"
869,"ogc wms"
898,"ogc wms"
936,"ogc wms"
1078,"ogc wms"
1088,"ogc wms"
1184,"ogc wms"
1223,"ogc wms"
1276,"ogc wms"
1277,"ogc wms"
1480,"ogc wms"
1511,"ogc wms"
1566,"ogc wms"
1595,"ogc wms"
1612,"ogc wms"
1640,"ogc wms"
1659,"ogc wms"
1687,"ogc wms"
1756,"ogc wms"
1813,"ogc wms"
1943,"ogc wms"
1617,ovr
1,pdf
50,pdf
55,pdf
85,pdf
105,pdf
134,pdf
150,pdf
159,pdf
166,pdf
182,pdf
209,pdf
215,pdf
218,pdf
238,pdf
275,pdf
279,pdf
292,pdf
301,pdf
310,pdf
319,pdf
340,pdf
365,pdf
383,pdf
402,pdf
413,pdf
428,pdf
437,pdf
453,pdf
487,pdf
496,pdf
516,pdf
520,pdf
527,pdf
534,pdf
537,pdf
541,pdf
547,pdf
548,pdf
551,pdf
556,pdf
566,pdf
578,pdf
580,pdf
586,pdf
610,pdf
630,pdf
633,pdf
638,pdf
647,pdf
653,pdf
665,pdf
680,pdf
697,pdf
715,pdf
727,pdf
731,pdf
741,pdf
754,pdf
761,pdf
764,pdf
766,pdf
777,pdf
779,pdf
783,pdf
792,pdf
809,pdf
817,pdf
836,pdf
841,pdf
846,pdf
853,pdf
855,pdf
865,pdf
866,pdf
884,pdf
900,pdf
909,pdf
926,pdf
939,pdf
942,pdf
945,pdf
961,pdf
996,pdf
999,pdf
1025,pdf
1038,pdf
1043,pdf
1048,pdf
1064,pdf
1073,pdf
1099,pdf
1106,pdf
1110,pdf
1116,pdf
1163,pdf
1167,pdf
1191,pdf
1193,pdf
1216,pdf
1236,pdf
1244,pdf
1250,pdf
1284,pdf
1323,pdf
1325,pdf
1326,pdf
1329,pdf
1353,pdf
1354,pdf
1357,pdf
1358,pdf
1366,pdf
1375,pdf
1378,pdf
1408,pdf
1417,pdf
1418,pdf
1434,pdf
1438,pdf
1441,pdf
1455,pdf
1463,pdf
1468,pdf
1477,pdf
1478,pdf
1492,pdf
1502,pdf
1505,pdf
1526,pdf
1528,pdf
1534,pdf
1550,pdf
1554,pdf
1577,pdf
1588,pdf
1615,pdf
1624,pdf
1632,pdf
1644,pdf
1652,pdf
1661,pdf
1662,pdf
1668,pdf
1681,pdf
1682,pdf
1689,pdf
1698,pdf
1700,pdf
1728,pdf
1743,pdf
1749,pdf
1759,pdf
1770,pdf
1771,pdf
1772,pdf
1777,pdf
1786,pdf
1826,pdf
1827,pdf
1828,pdf
1833,pdf
1844,pdf
1848,pdf
1865,pdf
1870,pdf
1885,pdf
1891,pdf
1914,pdf
1935,pdf
1951,pdf
1952,pdf
1974,pdf
1976,pdf
1983,pdf
1984,pdf
1456,"plain text"
630,png
754,png
1030,png
1191,png
1325,png
1326,png
1408,png
1550,png
1771,png
1326,powerpoint
116,qgis
420,qgis
491,qgis
576,qgis
643,qgis
772,qgis
843,qgis
874,qgis
1019,qgis
1978,qgis
982,r
2,rdf
4,rdf
7,rdf
9,rdf
12,rdf
14,rdf
17,rdf
18,rdf
19,rdf
23,rdf
27,rdf
28,rdf
31,rdf
32,rdf
34,rdf
46,rdf
52,rdf
53,rdf
61,rdf
62,rdf
63,rdf
65,rdf
66,rdf
75,rdf
79,rdf
89,rdf
90,rdf
100,rdf
101,rdf
109,rdf
110,rdf
117,rdf
120,rdf
125,rdf
126,rdf
127,rdf
133,rdf
137,rdf
141,rdf
148,rdf
154,rdf
158,rdf
163,rdf
164,rdf
169,rdf
171,rdf
173,rdf
174,rdf
175,rdf
177,rdf
179,rdf
184,rdf
201,rdf
203,rdf
204,rdf
210,rdf
217,rdf
221,rdf
231,rdf
235,rdf
240,rdf
242,rdf
243,rdf
244,rdf
245,rdf
260,rdf
263,rdf
264,rdf
266,rdf
267,rdf
272,rdf
277,rdf
286,rdf
287,rdf
300,rdf
305,rdf
306,rdf
307,rdf
315,rdf
316,rdf
317,rdf
322,rdf
326,rdf
327,rdf
333,rdf
338,rdf
341,rdf
347,rdf
354,rdf
355,rdf
356,rdf
363,rdf
371,rdf
372,rdf
376,rdf
377,rdf
395,rdf
396,rdf
398,rdf
401,rdf
405,rdf
412,rdf
414,rdf
416,rdf
418,rdf
421,rdf
422,rdf
424,rdf
433,rdf
434,rdf
441,rdf
443,rdf
444,rdf
446,rdf
456,rdf
461,rdf
464,rdf
465,rdf
468,rdf
469,rdf
474,rdf
475,rdf
478,rdf
479,rdf
486,rdf
494,rdf
502,rdf
503,rdf
505,rdf
507,rdf
512,rdf
517,rdf
519,rdf
525,rdf
528,rdf
536,rdf
544,rdf
545,rdf
546,rdf
559,rdf
567,rdf
569,rdf
571,rdf
572,rdf
574,rdf
575,rdf
588,rdf
590,rdf
597,rdf
600,rdf
614,rdf
628,rdf
629,rdf
634,rdf
635,rdf
651,rdf
658,rdf
663,rdf
673,rdf
686,rdf
688,rdf
692,rdf
693,rdf
696,rdf
698,rdf
703,rdf
708,rdf
717,rdf
719,rdf
737,rdf
738,rdf
743,rdf
745,rdf
747,rdf
749,rdf
751,rdf
752,rdf
758,rdf
759,rdf
762,rdf
769,rdf
771,rdf
774,rdf
775,rdf
784,rdf
794,rdf
803,rdf
808,rdf
812,rdf
814,rdf
825,rdf
842,rdf
844,rdf
848,rdf
851,rdf
852,rdf
859,rdf
862,rdf
878,rdf
885,rdf
890,rdf
891,rdf
892,rdf
893,rdf
899,rdf
901,rdf
903,rdf
905,rdf
912,rdf
924,rdf
928,rdf
929,rdf
930,rdf
932,rdf
938,rdf
947,rdf
960,rdf
970,rdf
974,rdf
975,rdf
976,rdf
980,rdf
984,rdf
995,rdf
997,rdf
1000,rdf
1007,rdf
1011,rdf
1015,rdf
1017,rdf
1023,rdf
1029,rdf
1033,rdf
1034,rdf
1035,rdf
1046,rdf
1047,rdf
1052,rdf
1053,rdf
1056,rdf
1058,rdf
1065,rdf
1066,rdf
1075,rdf
1080,rdf
1086,rdf
1087,rdf
1094,rdf
1100,rdf
1115,rdf
1125,rdf
1126,rdf
1127,rdf
1131,rdf
1133,rdf
1135,rdf
1140,rdf
1144,rdf
1147,rdf
1148,rdf
1149,rdf
1151,rdf
1154,rdf
1155,rdf
1161,rdf
1162,rdf
1164,rdf
1170,rdf
1172,rdf
1177,rdf
1178,rdf
1182,rdf
1186,rdf
1188,rdf
1190,rdf
1196,rdf
1198,rdf
1210,rdf
1211,rdf
1220,rdf
1229,rdf
1231,rdf
1240,rdf
1248,rdf
1265,rdf
1268,rdf
1269,rdf
1274,rdf
1280,rdf
1281,rdf
1291,rdf
1297,rdf
1303,rdf
1307,rdf
1308,rdf
1309,rdf
1311,rdf
1312,rdf
1314,rdf
1318,rdf
1321,rdf
1331,rdf
1333,rdf
1338,rdf
1341,rdf
1345,rdf
1347,rdf
1355,rdf
1360,rdf
1361,rdf
1367,rdf
1380,rdf
1384,rdf
1386,rdf
1402,rdf
1404,rdf
1413,rdf
1415,rdf
1419,rdf
1425,rdf
1428,rdf
1446,rdf
1448,rdf
1452,rdf
1453,rdf
1462,rdf
1465,rdf
1469,rdf
1471,rdf
1472,rdf
1473,rdf
1482,rdf
1484,rdf
1487,rdf
1488,rdf
1489,rdf
1495,rdf
1496,rdf
1506,rdf
1508,rdf
1516,rdf
1521,rdf
1524,rdf
1525,rdf
1529,rdf
1532,rdf
1533,rdf
1536,rdf
1542,rdf
1546,rdf
1553,rdf
1557,rdf
1559,rdf
1565,rdf
1576,rdf
1578,rdf
1579,rdf
1580,rdf
1591,rdf
1594,rdf
1596,rdf
1597,rdf
1598,rdf
1602,rdf
1611,rdf
1622,rdf
1625,rdf
1627,rdf
1631,rdf
1634,rdf
1635,rdf
1643,rdf
1647,rdf
1649,rdf
1653,rdf
1660,rdf
1665,rdf
1670,rdf
1673,rdf
1688,rdf
1691,rdf
1699,rdf
1701,rdf
1710,rdf
1712,rdf
1714,rdf
1715,rdf
1718,rdf
1719,rdf
1720,rdf
1722,rdf
1730,rdf
1742,rdf
1744,rdf
1746,rdf
1748,rdf
1753,rdf
1760,rdf
1762,rdf
1763,rdf
1765,rdf
1769,rdf
1774,rdf
1775,rdf
1790,rdf
1793,rdf
1796,rdf
1797,rdf
1798,rdf
1801,rdf
1803,rdf
1805,rdf
1806,rdf
1808,rdf
1812,rdf
1814,rdf
1817,rdf
1818,rdf
1829,rdf
1830,rdf
1838,rdf
1850,rdf
1866,rdf
1867,rdf
1872,rdf
1874,rdf
1876,rdf
1877,rdf
1880,rdf
1886,rdf
1887,rdf
1888,rdf
1889,rdf
1893,rdf
1901,rdf
1902,rdf
1904,rdf
1907,rdf
1909,rdf
1921,rdf
1923,rdf
1924,rdf
1925,rdf
1933,rdf
1934,rdf
1941,rdf
1944,rdf
1945,rdf
1956,rdf
1962,rdf
1965,rdf
1966,rdf
1968,rdf
1970,rdf
1975,rdf
1980,rdf
1991,rdf
1993,rdf
1994,rdf
1998,rdf
1999,rdf
2000,rdf
233,rss
526,rss
1165,rss
1290,rss
55,sas
85,sas
134,sas
1038,sas
1438,sas
1652,sas
16,shp
348,shp
520,shp
543,shp
623,shp
636,shp
1235,shp
1899,shp
1903,shp
55,spss
85,spss
134,spss
1038,spss
1438,spss
166,tableau
13,text
29,text
40,text
71,text
119,text
208,text
218,text
233,text
304,text
325,text
329,text
375,text
394,text
435,text
482,text
483,text
498,text
532,text
550,text
556,text
570,text
601,text
637,text
671,text
690,text
706,text
713,text
729,text
730,text
732,text
761,text
777,text
793,text
807,text
850,text
879,text
881,text
908,text
916,text
925,text
954,text
957,text
961,text
979,text
1010,text
1030,text
1064,text
1109,text
1111,text
1165,text
1217,text
1239,text
1241,text
1255,text
1290,text
1326,text
1365,text
1429,text
1456,text
1470,text
1476,text
1497,text
1530,text
1548,text
1550,text
1573,text
1574,text
1592,text
1617,text
1619,text
1651,text
1739,text
1825,text
1837,text
1890,text
1974,text
1301,text/javascript
233,text/json
1165,text/json
1290,text/json
268,text/tab
1301,text/troff
1326,text/x-objcsrc
1550,text/x-objcsrc
601,text/x-web-markdown
640,text/xls
1617,tfw
1908,"the downloaded file is in zipped format with the images in png format"
483,tiff
527,tiff
636,tiff
1030,tiff
1266,tiff
1326,tiff
1617,tiff
1731,"trec qrels"
246,tsv
1193,ttl
1497,url
384,wcs
733,wcs
1122,wcs
1323,wcs
1424,wcs
1911,wcs
116,wfs
383,wfs
420,wfs
491,wfs
549,wfs
576,wfs
643,wfs
772,wfs
826,wfs
843,wfs
874,wfs
1019,wfs
1215,wfs
1416,wfs
1932,wfs
1978,wfs
1431,"windows .exe"
116,wms
165,wms
274,wms
304,wms
383,wms
384,wms
420,wms
452,wms
491,wms
527,wms
549,wms
576,wms
643,wms
682,wms
697,wms
715,wms
733,wms
772,wms
785,wms
816,wms
826,wms
843,wms
874,wms
1019,wms
1122,wms
1215,wms
1267,wms
1323,wms
1416,wms
1424,wms
1518,wms
1628,wms
1839,wms
1911,wms
1932,wms
1938,wms
1978,wms
1989,wms
10,xls
13,xls
24,xls
25,xls
36,xls
40,xls
51,xls
54,xls
57,xls
69,xls
70,xls
77,xls
80,xls
82,xls
85,xls
87,xls
106,xls
114,xls
116,xls
119,xls
124,xls
139,xls
140,xls
145,xls
150,xls
156,xls
166,xls
168,xls
178,xls
185,xls
188,xls
192,xls
195,xls
196,xls
197,xls
198,xls
202,xls
209,xls
227,xls
233,xls
253,xls
254,xls
261,xls
271,xls
281,xls
288,xls
290,xls
296,xls
301,xls
324,xls
325,xls
329,xls
340,xls
342,xls
346,xls
375,xls
400,xls
402,xls
408,xls
420,xls
423,xls
435,xls
437,xls
448,xls
481,xls
487,xls
491,xls
496,xls
498,xls
508,xls
516,xls
522,xls
532,xls
533,xls
537,xls
539,xls
550,xls
551,xls
558,xls
566,xls
568,xls
573,xls
576,xls
580,xls
612,xls
613,xls
643,xls
646,xls
653,xls
654,xls
660,xls
664,xls
667,xls
677,xls
679,xls
699,xls
706,xls
713,xls
714,xls
718,xls
728,xls
729,xls
730,xls
732,xls
734,xls
748,xls
766,xls
768,xls
772,xls
773,xls
805,xls
807,xls
817,xls
822,xls
834,xls
841,xls
843,xls
853,xls
863,xls
874,xls
881,xls
900,xls
906,xls
908,xls
925,xls
927,xls
939,xls
942,xls
946,xls
952,xls
954,xls
957,xls
958,xls
971,xls
977,xls
978,xls
982,xls
989,xls
996,xls
1005,xls
1014,xls
1019,xls
1024,xls
1040,xls
1044,xls
1045,xls
1090,xls
1091,xls
1104,xls
1110,xls
1111,xls
1142,xls
1143,xls
1145,xls
1153,xls
1165,xls
1169,xls
1185,xls
1205,xls
1217,xls
1236,xls
1239,xls
1243,xls
1252,xls
1270,xls
1284,xls
1290,xls
1326,xls
1334,xls
1350,xls
1357,xls
1358,xls
1368,xls
1405,xls
1435,xls
1438,xls
1461,xls
1470,xls
1477,xls
1483,xls
1517,xls
1528,xls
1534,xls
1541,xls
1550,xls
1563,xls
1573,xls
1574,xls
1588,xls
1609,xls
1610,xls
1619,xls
1620,xls
1621,xls
1624,xls
1629,xls
1637,xls
1641,xls
1644,xls
1645,xls
1651,xls
1661,xls
1672,xls
1676,xls
1681,xls
1709,xls
1717,xls
1721,xls
1724,xls
1733,xls
1755,xls
1759,xls
1761,xls
1770,xls
1782,xls
1792,xls
1795,xls
1809,xls
1825,xls
1837,xls
1846,xls
1847,xls
1848,xls
1859,xls
1861,xls
1870,xls
1890,xls
1920,xls
1929,xls
1939,xls
1971,xls
1978,xls
128,xlsb
200,xlsb
365,xlsb
1270,xlsl
2,xml
4,xml
6,xml
7,xml
9,xml
12,xml
14,xml
17,xml
18,xml
19,xml
23,xml
27,xml
28,xml
30,xml
31,xml
32,xml
34,xml
46,xml
52,xml
53,xml
59,xml
61,xml
62,xml
63,xml
65,xml
66,xml
75,xml
79,xml
89,xml
90,xml
92,xml
100,xml
101,xml
104,xml
109,xml
110,xml
112,xml
116,xml
117,xml
120,xml
125,xml
126,xml
127,xml
133,xml
136,xml
137,xml
141,xml
148,xml
149,xml
154,xml
158,xml
163,xml
164,xml
169,xml
171,xml
173,xml
174,xml
175,xml
177,xml
179,xml
184,xml
201,xml
203,xml
204,xml
207,xml
210,xml
217,xml
221,xml
231,xml
233,xml
235,xml
237,xml
240,xml
242,xml
243,xml
244,xml
245,xml
258,xml
260,xml
263,xml
264,xml
266,xml
267,xml
272,xml
277,xml
283,xml
286,xml
287,xml
300,xml
304,xml
305,xml
306,xml
307,xml
315,xml
316,xml
317,xml
320,xml
322,xml
326,xml
327,xml
333,xml
337,xml
338,xml
341,xml
347,xml
354,xml
355,xml
356,xml
363,xml
371,xml
372,xml
376,xml
377,xml
378,xml
395,xml
396,xml
398,xml
401,xml
405,xml
412,xml
414,xml
416,xml
418,xml
420,xml
421,xml
422,xml
424,xml
427,xml
428,xml
433,xml
434,xml
441,xml
443,xml
444,xml
446,xml
452,xml
456,xml
461,xml
464,xml
465,xml
468,xml
469,xml
474,xml
478,xml
479,xml
485,xml
486,xml
488,xml
491,xml
494,xml
501,xml
502,xml
503,xml
505,xml
507,xml
510,xml
512,xml
517,xml
519,xml
525,xml
528,xml
534,xml
536,xml
538,xml
544,xml
545,xml
546,xml
548,xml
554,xml
559,xml
567,xml
569,xml
571,xml
572,xml
574,xml
575,xml
576,xml
578,xml
583,xml
588,xml
590,xml
594,xml
597,xml
600,xml
614,xml
615,xml
616,xml
628,xml
629,xml
634,xml
635,xml
637,xml
643,xml
649,xml
651,xml
652,xml
657,xml
658,xml
659,xml
663,xml
666,xml
670,xml
673,xml
686,xml
688,xml
692,xml
693,xml
696,xml
698,xml
703,xml
707,xml
708,xml
715,xml
717,xml
719,xml
722,xml
735,xml
737,xml
738,xml
743,xml
745,xml
746,xml
747,xml
749,xml
750,xml
751,xml
752,xml
753,xml
756,xml
758,xml
759,xml
762,xml
767,xml
769,xml
771,xml
772,xml
774,xml
775,xml
784,xml
794,xml
795,xml
799,xml
803,xml
804,xml
806,xml
808,xml
809,xml
812,xml
814,xml
823,xml
825,xml
836,xml
842,xml
843,xml
844,xml
848,xml
851,xml
852,xml
854,xml
859,xml
862,xml
869,xml
870,xml
872,xml
873,xml
874,xml
875,xml
878,xml
885,xml
890,xml
891,xml
892,xml
893,xml
895,xml
898,xml
901,xml
903,xml
905,xml
912,xml
924,xml
926,xml
928,xml
929,xml
930,xml
932,xml
938,xml
940,xml
945,xml
947,xml
960,xml
964,xml
967,xml
968,xml
969,xml
970,xml
972,xml
974,xml
975,xml
976,xml
980,xml
984,xml
988,xml
994,xml
995,xml
997,xml
1000,xml
1002,xml
1006,xml
1007,xml
1009,xml
1011,xml
1013,xml
1015,xml
1017,xml
1019,xml
1023,xml
1029,xml
1033,xml
1034,xml
1035,xml
1042,xml
1046,xml
1047,xml
1048,xml
1051,xml
1052,xml
1053,xml
1056,xml
1058,xml
1065,xml
1066,xml
1075,xml
1080,xml
1084,xml
1086,xml
1087,xml
1094,xml
1095,xml
1099,xml
1100,xml
1101,xml
1115,xml
1119,xml
1125,xml
1126,xml
1127,xml
1131,xml
1132,xml
1133,xml
1135,xml
1140,xml
1144,xml
1147,xml
1148,xml
1149,xml
1151,xml
1152,xml
1154,xml
1155,xml
1156,xml
1160,xml
1161,xml
1162,xml
1164,xml
1165,xml
1166,xml
1170,xml
1172,xml
1177,xml
1178,xml
1182,xml
1186,xml
1188,xml
1190,xml
1195,xml
1196,xml
1198,xml
1210,xml
1211,xml
1216,xml
1219,xml
1220,xml
1229,xml
1231,xml
1240,xml
1248,xml
1250,xml
1253,xml
1257,xml
1261,xml
1265,xml
1268,xml
1269,xml
1274,xml
1275,xml
1277,xml
1280,xml
1281,xml
1287,xml
1290,xml
1291,xml
1295,xml
1297,xml
1298,xml
1303,xml
1307,xml
1308,xml
1309,xml
1310,xml
1311,xml
1312,xml
1314,xml
1318,xml
1319,xml
1321,xml
1326,xml
1329,xml
1331,xml
1333,xml
1338,xml
1339,xml
1341,xml
1345,xml
1347,xml
1349,xml
1355,xml
1360,xml
1361,xml
1367,xml
1368,xml
1374,xml
1378,xml
1380,xml
1382,xml
1384,xml
1385,xml
1386,xml
1389,xml
1390,xml
1394,xml
1402,xml
1404,xml
1413,xml
1414,xml
1415,xml
1417,xml
1419,xml
1422,xml
1425,xml
1428,xml
1445,xml
1446,xml
1447,xml
1448,xml
1452,xml
1453,xml
1454,xml
1457,xml
1462,xml
1465,xml
1469,xml
1471,xml
1472,xml
1473,xml
1482,xml
1484,xml
1487,xml
1488,xml
1489,xml
1495,xml
1496,xml
1503,xml
1506,xml
1508,xml
1516,xml
1521,xml
1522,xml
1524,xml
1525,xml
1527,xml
1529,xml
1532,xml
1533,xml
1536,xml
1539,xml
1540,xml
1542,xml
1546,xml
1547,xml
1553,xml
1557,xml
1559,xml
1562,xml
1565,xml
1576,xml
1578,xml
1579,xml
1580,xml
1583,xml
1591,xml
1594,xml
1596,xml
1597,xml
1598,xml
1602,xml
1608,xml
1611,xml
1614,xml
1617,xml
1622,xml
1625,xml
1626,xml
1627,xml
1630,xml
1631,xml
1634,xml
1635,xml
1639,xml
1643,xml
1647,xml
1649,xml
1651,xml
1653,xml
1655,xml
1657,xml
1660,xml
1665,xml
1670,xml
1673,xml
1684,xml
1688,xml
1689,xml
1691,xml
1693,xml
1697,xml
1699,xml
1701,xml
1703,xml
1706,xml
1707,xml
1708,xml
1710,xml
1712,xml
1713,xml
1714,xml
1715,xml
1718,xml
1719,xml
1720,xml
1722,xml
1730,xml
1731,xml
1732,xml
1734,xml
1742,xml
1744,xml
1746,xml
1748,xml
1753,xml
1755,xml
1758,xml
1760,xml
1762,xml
1763,xml
1765,xml
1769,xml
1774,xml
1775,xml
1781,xml
1790,xml
1791,xml
1793,xml
1794,xml
1796,xml
1797,xml
1798,xml
1800,xml
1801,xml
1803,xml
1805,xml
1806,xml
1808,xml
1812,xml
1814,xml
1817,xml
1818,xml
1824,xml
1829,xml
1830,xml
1838,xml
1839,xml
1845,xml
1850,xml
1864,xml
1866,xml
1867,xml
1872,xml
1874,xml
1876,xml
1877,xml
1878,xml
1880,xml
1885,xml
1886,xml
1887,xml
1888,xml
1889,xml
1893,xml
1896,xml
1898,xml
1901,xml
1902,xml
1904,xml
1907,xml
1909,xml
1912,xml
1913,xml
1916,xml
1918,xml
1921,xml
1922,xml
1923,xml
1924,xml
1925,xml
1927,xml
1930,xml
1933,xml
1934,xml
1940,xml
1941,xml
1944,xml
1945,xml
1953,xml
1956,xml
1958,xml
1962,xml
1965,xml
1966,xml
1968,xml
1969,xml
1970,xml
1973,xml
1975,xml
1977,xml
1978,xml
1980,xml
1981,xml
1991,xml
1993,xml
1994,xml
1998,xml
1999,xml
2000,xml
475,xsl
899,xsl
679,xslx
5,zip
8,zip
11,zip
21,zip
22,zip
26,zip
35,zip
38,zip
59,zip
84,zip
93,zip
99,zip
104,zip
108,zip
116,zip
119,zip
123,zip
130,zip
136,zip
139,zip
140,zip
142,zip
149,zip
150,zip
152,zip
159,zip
165,zip
166,zip
181,zip
193,zip
194,zip
209,zip
211,zip
213,zip
218,zip
227,zip
229,zip
230,zip
233,zip
237,zip
247,zip
258,zip
274,zip
276,zip
282,zip
283,zip
284,zip
292,zip
299,zip
304,zip
310,zip
318,zip
320,zip
325,zip
328,zip
329,zip
334,zip
336,zip
337,zip
340,zip
350,zip
369,zip
375,zip
379,zip
390,zip
402,zip
409,zip
410,zip
411,zip
419,zip
420,zip
423,zip
425,zip
426,zip
428,zip
431,zip
435,zip
437,zip
445,zip
452,zip
455,zip
459,zip
484,zip
491,zip
496,zip
497,zip
498,zip
501,zip
510,zip
530,zip
532,zip
534,zip
538,zip
548,zip
550,zip
554,zip
556,zip
565,zip
566,zip
576,zip
578,zip
580,zip
581,zip
583,zip
586,zip
591,zip
595,zip
608,zip
610,zip
615,zip
621,zip
643,zip
647,zip
654,zip
657,zip
659,zip
661,zip
666,zip
670,zip
679,zip
680,zip
681,zip
685,zip
697,zip
706,zip
712,zip
713,zip
722,zip
727,zip
730,zip
735,zip
742,zip
746,zip
748,zip
754,zip
757,zip
763,zip
765,zip
772,zip
773,zip
781,zip
785,zip
795,zip
799,zip
802,zip
805,zip
807,zip
809,zip
817,zip
819,zip
820,zip
821,zip
822,zip
823,zip
832,zip
836,zip
843,zip
855,zip
857,zip
869,zip
872,zip
874,zip
876,zip
881,zip
884,zip
887,zip
895,zip
898,zip
900,zip
908,zip
910,zip
925,zip
926,zip
933,zip
936,zip
940,zip
941,zip
942,zip
944,zip
945,zip
953,zip
954,zip
956,zip
957,zip
967,zip
986,zip
988,zip
991,zip
994,zip
996,zip
1002,zip
1005,zip
1009,zip
1016,zip
1019,zip
1024,zip
1027,zip
1028,zip
1030,zip
1031,zip
1032,zip
1048,zip
1054,zip
1067,zip
1069,zip
1073,zip
1078,zip
1082,zip
1088,zip
1093,zip
1095,zip
1099,zip
1110,zip
1111,zip
1116,zip
1119,zip
1120,zip
1128,zip
1130,zip
1132,zip
1156,zip
1160,zip
1165,zip
1166,zip
1175,zip
1183,zip
1184,zip
1189,zip
1191,zip
1193,zip
1195,zip
1197,zip
1208,zip
1209,zip
1216,zip
1217,zip
1223,zip
1233,zip
1236,zip
1239,zip
1246,zip
1250,zip
1252,zip
1257,zip
1263,zip
1264,zip
1267,zip
1276,zip
1277,zip
1282,zip
1290,zip
1295,zip
1310,zip
1319,zip
1320,zip
1326,zip
1329,zip
1339,zip
1350,zip
1357,zip
1358,zip
1363,zip
1364,zip
1366,zip
1370,zip
1378,zip
1382,zip
1389,zip
1390,zip
1394,zip
1397,zip
1400,zip
1409,zip
1410,zip
1412,zip
1414,zip
1417,zip
1422,zip
1423,zip
1430,zip
1447,zip
1450,zip
1454,zip
1455,zip
1457,zip
1458,zip
1479,zip
1480,zip
1493,zip
1511,zip
1512,zip
1514,zip
1518,zip
1522,zip
1538,zip
1539,zip
1540,zip
1547,zip
1555,zip
1561,zip
1563,zip
1566,zip
1567,zip
1572,zip
1573,zip
1588,zip
1592,zip
1595,zip
1604,zip
1605,zip
1607,zip
1608,zip
1612,zip
1615,zip
1623,zip
1624,zip
1626,zip
1632,zip
1638,zip
1639,zip
1640,zip
1642,zip
1644,zip
1651,zip
1655,zip
1657,zip
1658,zip
1659,zip
1661,zip
1662,zip
1666,zip
1671,zip
1684,zip
1687,zip
1689,zip
1695,zip
1697,zip
1700,zip
1702,zip
1703,zip
1709,zip
1713,zip
1723,zip
1724,zip
1726,zip
1733,zip
1734,zip
1736,zip
1737,zip
1738,zip
1741,zip
1756,zip
1759,zip
1766,zip
1768,zip
1770,zip
1776,zip
1777,zip
1781,zip
1789,zip
1800,zip
1802,zip
1813,zip
1824,zip
1825,zip
1826,zip
1837,zip
1839,zip
1843,zip
1848,zip
1849,zip
1857,zip
1863,zip
1864,zip
1870,zip
1878,zip
1885,zip
1890,zip
1894,zip
1896,zip
1898,zip
1912,zip
1913,zip
1914,zip
1915,zip
1918,zip
1922,zip
1927,zip
1930,zip
1936,zip
1937,zip
1938,zip
1940,zip
1943,zip
1949,zip
1951,zip
1953,zip
1955,zip
1964,zip
1974,zip
1977,zip
1978,zip
1982,zip
1983,zip
1986,zip
1995,zip
1497,"zip contains three folders with tensorflow ai models"
1497,"zip file contains a folder with image quality metrics and a folder with ai model accuracy"
1497,"zip file contains mask images and the initial intensity image with max contrast and min noise"
1497,"zip file with six subfolders containing sem image collections"
1320,"zip installer"
764,"zipped accdb"
1109,"zipped ascii"
71,"zipped csv"
1109,"zipped csv"
1785,"zipped csv"
1158,"zipped dat"
961,"zipped exe executable"
1109,"zipped r"
1109,"zipped sas"
1109,"zipped spss"
961,"zipped sql and text files"
1109,"zipped stata"
1158,"zipped xls"
