DatasetID,PublisherName
1,"Export Import Bank – Office of Chief Financial Officer  202-565-3946"
2,"Department of Licensing"
3,"Wesley Ingwersen"
4,"NYC OpenData"
5,"CRDC Team"
6,"NPS IRMA Help"
7,"LAPD OpenData"
8,"CRDC Team"
9,"CDC Info"
10,"CRDC Team"
11,TempeData
12,"NYC OpenData"
13,ocr@ed.gov
14,"svc dmesb"
15,"Terrance N. Lewis"
16,"SEPTA Planning Division"
17,"NYC OpenData"
18,CDelgadoReyes
19,"NY Open Data"
20,"CRDC Team"
21,"Open Data"
22,"Open Data"
23,RESP-NET
24,"Hayden Stewart"
25,"CRDC Team"
26,unknown@data.gov
27,"NY Open Data"
28,"Sean Jahanmir"
29,"Janis Brown"
30,"United States Department of Agriculture"
31,"OSPI Report Card Student Information"
32,"DNPAO Public Inquiries"
33,"Bureau of Transportation Statistics"
34,NHTSA-Datahub
35,"Criminal Justice Information Services Division Federal Bureau of Investigation (USDOJ)"
36,"Jennifer Rohrbach"
37,"National Library of Medicine"
38,"Open Data"
39,"Open Data (MGMT)"
40,"Valerie R Butler"
41,"Open Data (MGMT)"
42,unknown@data.gov
43,"Wesley Ingwersen"
44,"ASB Secretary"
45,"Katherine Tom"
46,"NYC OpenData"
47,"Open Source"
48,"Jacob Shepard"
49,NHTSA-Datahub
50,unknown@data.gov
51,Unknown
52,CTA
53,cocadmin
54,Unknown
55,"Marisa Pelzcar"
56,"ASB Secretary"
57,"Frank Fornaris"
58,"Quality Management"
59,unknown@data.gov
60,"Victor Yu"
61,"Jonathan Levy"
62,"National Center for Health Statistics"
63,"National Center for Health Statistics"
64,undefined
65,"PLACES Public Inquiries"
66,"Joel Zhou"
67,"Justin Gorham"
68,"Steve Rietzke"
69,Unknown
70,"Carolyn Chelius"
71,"Janis Brown"
72,"Western Pennsylvania Regional Data Center"
73,unknown@data.gov
74,"OCIO-Will Saunders"
75,"NY Open Data"
76,"Abhilash Vijayan"
77,"Jennifer K. Bond"
78,"David Lean"
79,"Intergovernmental Policy and Planning Division"
80,Unknown
81,"Pamela Wright"
82,Unknown
83,devops@cfpb.gov
84,"CRDC Team"
85,"Marisa Pelzcar"
86,unknown@data.gov
87,"Civil Rights Data Collection Team"
88,"Open Data (MGMT)"
89,CTA
90,"National Center for Health Statistics"
91,"QIESData - CCSQ"
92,"FDA Enterprise Data Inventory"
93,"FDA Enterprise Data Inventory"
94,"Open Data (MGMT)"
95,"Bryan Bauer"
96,DCGISgroup
97,"Ask BJS Bureau of Justice Statistics (USDOJ)"
98,unknown@data.gov
99,"HUD eGIS Help Desk"
100,"Department of Licensing"
101,"Randall Keizer"
102,"TRI Help"
103,"Amrit Kohli"
104,nces
105,unknown@data.gov
106,Unknown
107,"Earthdata Forum"
108,"Criminal Justice Information Services Division Federal Bureau of Investigation (USDOJ)"
109,"Office of Highway Policy Information"
110,"Open Data NY"
111,FSISDataDriven
112,"Soils Hotline"
113,"Rob Jordan"
114,"Linda Kantor"
115,"EDD-LMID Administrator"
116,unknown@data.gov
117,"NY Open Data"
118,unknown@data.gov
119,LakeCounty_Illinois
120,"NYC OpenData"
121,"Office of Debt Management"
122,"FMCSA CDO"
123,"Open Data"
124,"Wesley Ingwersen"
125,"NYC OpenData"
126,"DHDSP Requests"
127,"NYC OpenData"
128,"Megan Day"
129,unknown@data.gov
130,"Wesley Ingwersen"
131,"Lilian Ingster"
132,"Open Data (MGMT)"
133,"LAPD OpenData"
134,"Marisa Pelzcar"
135,"Ask BJS Bureau of Justice Statistics (USDOJ)"
136,unknown@data.gov
137,"Bureau of Transportation Statistics"
138,"Kary Charlebois"
139,data@ed.gov
140,"Wesley Ingwersen"
141,"NY Open Data"
142,"Jay Huggins"
143,"Bureau of Transportation Statistics"
144,Farber
145,"Wesley Ingwersen"
146,"PDAG Data Products - OEDA"
147,"Todd Sutherland"
148,"NY Open Data"
149,unknown@data.gov
150,"CDPH Office of Health Equity"
151,"Robert White"
152,unknown@data.gov
153,"HRSA Data Warehouse"
154,OpenData
155,"Data Management US Department of Justice (USDOJ)"
156,Unknown
157,"Division of Insurance and Research"
158,"NYC OpenData"
159,"Bureau of Safety and Environmental Enforcement (BSEE)"
160,Elizabeth.Schaefer@trade.gov
161,"Brooklyn Lupari"
162,"National Library of Medicine"
163,"NYC OpenData"
164,"National Center for Health Statistics"
165,unknown@data.gov
166,"Center for Health Care Quality"
167,"Open Data (MGMT)"
168,"Felix Baquedano"
169,"Austin Police Owners"
170,"Division of Insurance and Research"
171,"Elina Zlotchenko"
172,unknown@data.gov
173,"National Center for Health Statistics"
174,"NY Open Data"
175,"Austin Open Data Platform Administrators (GIS and Mapping Resources)"
176,"William Jeffers"
177,"Craig Kassinger"
178,"Tara Marini"
179,"Dalia B. Kirschbaum"
180,"HUD eGIS Help Desk"
181,"Buxin She"
182,"FNS datasets"
183,Harnly
184,"OSPI Report Card Educator"
185,"Alana Rhone"
186,"Safe Drinking Water Hotline"
187,SAMHSA
188,"William Jeffers"
189,"Rob Jordan"
190,"Bureau of Transportation Statistics"
191,"Office of Elementary and Secondary Education"
192,"Kevin P. Gilbert"
193,unknown@data.gov
194,"HUD eGIS Help Desk"
195,"Josh Feldmiller"
196,"Stephanie Klodzen"
197,Unknown
198,"Bart Kenner"
199,"Jeff McHugh"
200,"Megan Day"
201,"Office of Finance OpenData"
202,Unknown
203,"LAPD OpenData"
204,"Bureau of Transportation Statistics"
205,"Michael Watskins"
206,"Bryan Bauer"
207,"Spatial Analysis Research Section"
208,"Michael Sutton"
209,"California Safe Cosmetics Program"
210,"Office of Highway Policy Information"
211,"Open Data"
212,"National Missing and Unidentified Persons System (NamUs)"
213,"DISDI Program - Program Manager"
214,"FMCSA CDO"
215,"Scott Nicholson"
216,"Pamela Wright"
217,"LAPD OpenData"
218,"Shawn Sheng "
219,unknown@data.gov
220,"CPS Staff"
221,"National Center for Health Statistics"
222,"Amrit Kohli"
223,"Steve Young"
224,"Open Data (MGMT)"
225,DCGISopendata
226,"National Library of Medicine"
227,"Department of Health Care Access and Information"
228,"Stuart Holmes"
229,THoang_CAEnergy
230,DCGISopendata
231,"OSPI Report Card Student Information"
232,TempeData
233,USDOT_BTS
234,"LONG TERM ARCHIVE"
235,"Office of Highway Policy Information"
236,"Open Data (MGMT)"
237,"Bureau of Land Management"
238,unknown@data.gov
239,"Victor Yu"
240,"OSPI Report Card Student Information Discipline-SQSS"
241,DCGISgroup
242,"Alicia Brown"
243,SPD_AskSPDAnalytics@seattle.gov
244,"Bureau of Transportation Statistics"
245,cocadmin
246,"Nicholas Pairolero"
247,"Chronic Disease Surveillance and Research Branch (CDSRB)"
248,unknown@data.gov
249,unknown@data.gov
250,"William Jeffers"
251,"Joshua Dykema"
252,DCGISgroup
253,"Jennifer Rohrbach"
254,askUSDA
255,unknown@data.gov
256,"Robert Reinwald"
257,"William Jeffers"
258,unknown@data.gov
259,"National Library of Medicine"
260,"National Center for Health Statistics"
261,"Drew Dauer"
262,"Amrit Kohli"
263,"svc dmesb"
264,"NYC Parks Open Data Team"
265,openFDA
266,"Austin Planning Owners"
267,"Todd Solomon"
268,NHTSA-Datahub
269,"William Jeffers"
270,"King County Open Data"
271,Kaster
272,"OSPI Report Card Student Information Discipline-SQSS"
273,"Eli Thomas"
274,unknown@data.gov
275,"LONG TERM ARCHIVE"
276,unknown@data.gov
277,"Christine Howard"
278,"Blake DeVaughn"
279,unknown@data.gov
280,"Aaron Hula"
281,"William Jeffers"
282,"Criminal Justice Information Services Division Federal Bureau of Investigation (USDOJ)"
283,unknown@data.gov
284,"Civil Web Master"
285,"National Library of Medicine"
286,"National Center for Health Statistics"
287,"Kathy Luh"
288,"Bart Kenner"
289,"Open Data (MGMT)"
290,"Edward Ragland"
291,"Amrit Kohli"
292,unknown@data.gov
293,"VHA Open Data"
294,"Melissa Puchalski"
295,"Mark Zak"
296,"William Jeffers"
297,Anne.Flatness@trade.gov
298,"Kenneth Klewin"
299,"Bob Gradeck"
300,"NY Open Data"
301,"Daniel Studer"
302,DCGISgroup
303,"Amber Thompson"
304,unknown@data.gov
305,"DPH Public Inquiries"
306,"City of New Orleans GIS Department"
307,"Bureau of Transportation Statistics"
308,"CMS Program Statistics - OEDA"
309,"Jeff McHugh"
310,Pehrsson
311,"Josh Feldmiller"
312,THoang_CAEnergy
313,"Medicare Provider Data - OEDA"
314,data.hrsa.gov
315,"TCEQ Information Resources Division"
316,"NY Open Data"
317,"LAPD OpenData"
318,unknown@data.gov
319,unknown@data.gov
320,unknown@data.gov
321,"DAWN MCINTOSH"
322,"NY Open Data"
323,Julie.Al-Saadawi@trade.gov
324,"Shawn Bucholtz"
325,LakeCounty_Illinois
326,"National Center for Health Statistics"
327,"Randall Keizer"
328,"Mike Stolte"
329,felicia.pugh_Metro
330,Salomon
331,"Alex Jordan"
332,unknown@data.gov
333,"DOM Enterprise Data Admins"
334,openFDA
335,"Electrician Certification Unit"
336,llyons_D3
337,"NPS IRMA Help"
338,JoonS
339,"National Library of Medicine"
340,"Office of Health Equity"
341,"Dipanjan Chakravarty"
342,"David Olszyk"
343,"Alicia Colvin Greene"
344,"Kodi Obika"
345,"Stephen Kharfen"
346,unknown@data.gov
347,"svc dmesb"
348,admin
349,"George Carter"
350,DCGISopendata
351,"EROS CENTER"
352,DCGISgroup
353,"EDD-LMID Administrator"
354,"DOM Enterprise Data Admins"
355,"NY Open Data"
356,"NY Open Data"
357,"Medicare Provider Data - OEDA"
358,Medicaid.gov
359,"Katherine Tom"
360,Moshfegh
361,"ANNIEPAT JOHNSON"
362,unknown@data.gov
363,"Department of Licensing"
364,unknown@data.gov
365,"Megan Day"
366,"National Library of Medicine"
367,"Kevin Pierce"
368,"Sue Ellen Sloca"
369,"500 Cities Public Inquiries"
370,"PDAG Data Products - OEDA"
371,"Bureau of Transportation Statistics"
372,"Bureau of Transportation Statistics"
373,"Financial Crimes Enforcement Network"
374,hoyt
375,GregnCA
376,"NYC OpenData"
377,"NYC OpenData"
378,"NPS IRMA Help"
379,DCGISopendata
380,"Lee Burke"
381,unknown@data.gov
382,"Open Data (MGMT)"
383,unknown@data.gov
384,unknown@data.gov
385,"Mary Searcy"
386,admin
387,"EDD-LMID Administrator"
388,nucivic
389,"Thomas C. Allison"
390,"National Agricultural Library"
391,"Pamela Wright"
392,"National Library of Medicine"
393,"Ask BJS Bureau of Justice Statistics (USDOJ)"
394,"Manajit Sengupta"
395,"NYC OpenData"
396,"NASA Public Data"
397,unknown@data.gov
398,"NYC OpenData"
399,"National Library of Medicine"
400,"Website Administrator"
401,"NY Open Data"
402,"Center for Chronic Disease Prevention and Health Promotion/Chronic Disease and Injury Control/Nutrition Education and Obesity Prevention Branch/Research and Evaluation Section"
403,unknown@data.gov
404,"David Smith"
405,"Bureau of Transportation Statistics"
406,"Bureau of Transportation Statistics"
407,"RISE Team"
408,Unknown
409,Pehrsson
410,"Open Data"
411,DCGISopendata
412,"NYC OpenData"
413,"Kirk Dohne"
414,"Rodrick Marriott"
415,"Stephanie Lewis"
416,"National Center for Health Statistics"
417,"Provider Enrollment Data Requests - CPI"
418,"NASA Public Data"
419,DCGISopendata
420,unknown@data.gov
421,"CIS Team"
422,"NY Open Data"
423,"Jennifer Braid"
424,"NYC OpenData"
425,FHWA-Datahub
426,unknown@data.gov
427,openFDA
428,nces
429,"Open Data Office of Justice Programs (USDOJ)"
430,cdfwgis
431,"Open Data"
432,unknown@data.gov
433,"Office of Highway Policy Information"
434,"NY Open Data"
435,TempeData
436,"Provider Enrollment Data Requests - CPI"
437,"LEAD Tool at EERE"
438,Mizrachi
439,"RISE Team"
440,Julie.Al-Saadawi@trade.gov
441,"Jonathan Levy"
442,NHTSA-Datahub
443,"Michelle Huggins"
444,"Augusta Irechukwu"
445,"Moussa Ezzeddine"
446,PrestonMills
447,unknown@data.gov
448,"Steven Zahniser"
449,"Office of Debt Management"
450,"Ask BJS Bureau of Justice Statistics (USDOJ)"
451,"EROS CENTER"
452,unknown@data.gov
453,unknown@data.gov
454,"Open Data (MGMT)"
455,OpenData
456,"NY Open Data"
457,"Kenneth Tiranno"
458,"Office of Examination and Insurance"
459,openFDA
460,"Jeet Motwani"
461,OpenData
462,"ANNIEPAT JOHNSON"
463,"Hung Trinh"
464,"Open Data BR"
465,"svc dmesb"
466,"Alex Cruz"
467,"Rebecca Ragon"
468,"Cook County Open Data"
469,"Office of Finance OpenData"
470,"HCUP Technical Support"
471,"Rao Guduru"
472,"Peter Linstrom"
473,"Open Data (MGMT)"
474,"Sandy Kumnick"
475,"CDC Info"
476,"Open Data (MGMT)"
477,unknown@data.gov
478,"Bureau of Transportation Statistics"
479,"Jonathan Levy"
480,"Andrew Nebus"
481,Unknown
482,unknown@data.gov
483,"NREL Geospatial Data Science"
484,HartfordData
485,"U.S. Geological Survey"
486,"NYC OpenData"
487,"Mike Mickley"
488,"Brian Jaskula"
489,"ANNIEPAT JOHNSON"
490,"Bureau of Transportation Statistics"
491,unknown@data.gov
492,"William Snow"
493,unknown@data.gov
494,"DASH Public Inquiries"
495,"Pamela Wright"
496,"Accounting and Reporting Systems Section"
497,TempeData
498,Michelle.Tang
499,"Matt Crothers"
500,"Lee Burke"
501,USFSEnterpriseContent
502,"NYC OpenData"
503,CTA
504,"National Library of Medicine"
505,"NYC OpenData"
506,"Alana Rhone"
507,"NY Open Data"
508,"Wesley Ingwersen"
509,"Nick Muerdter"
510,unknown@data.gov
511,JohnC@ocfo.dc.gov_DCGIS
512,"Adam Scherling"
513,"Alejandro Contreras"
514,LakeCounty_Illinois
515,"NCHS Data Linkage Program"
516,Roseland
517,"NYC OpenData"
518,"PVWatts Support"
519,"OSPI Report Card Student Information"
520,"Geoffrey Arnold"
521,openFDA
522,"Wesley Ingwersen"
523,"John Cromartie"
524,"National Library of Medicine"
525,"Cliff Ingham"
526,"NYC OpenData"
527,unknown@data.gov
528,"Kathy Luh"
529,"Open Data (MGMT)"
530,FHWA-Datahub
531,"Alisha Coleman-Jensen"
532,BGallagh_CAEnergy
533,"Wesley Ingwersen"
534,unknown@data.gov
535,"EDD-LMID Administrator"
536,"Open Data NY"
537,"Nehika Mathur"
538,unknown@data.gov
539,Unknown
540,unknown@data.gov
541,unknown@data.gov
542,"Earthdata Forum"
543,"City of Philadelphia Open Data Program"
544,"Austin Police Owners"
545,"svc dmesb"
546,"Bureau of Transportation Statistics"
547,unknown@data.gov
548,nces
549,unknown@data.gov
550,Planning_SeattleCityGIS
551,"Open Data"
552,"Lee Burke"
553,"George Carter"
554,unknown@data.gov
555,"Tara Marini"
556,"Ralph Muehleisen"
557,unknown@data.gov
558,"CPD Systems Development and Evaluation Division"
559,"DNPAO Public Inquiries"
560,"Bureau of Transportation Statistics"
561,"William Jeffers"
562,datadrivenworkforce@opm.gov
563,"Tanya Brewer"
564,"Anita Harrell"
565,"Open Data"
566,"Open Data"
567,"Jonathan Levy"
568,"Kevin Cutress"
569,"LAPD OpenData"
570,"FMCSA CDO Office"
571,"NYC OpenData"
572,"NY Open Data"
573,"Russell Knight"
574,"NY Open Data"
575,"Dan Clement"
576,unknown@data.gov
577,"Tom Peake"
578,unknown@data.gov
579,TempeData
580,"Department of Health Care Access and Information"
581,unknown@data.gov
582,"Open Data (MGMT)"
583,nces
584,"National Cancer Institute (NCI)"
585,"Open Data Administrator"
586,"Donna Heimiller"
587,"CMS Drug Spending - OEDA"
588,"Open Data BR"
589,"Stephen M. Seltzer"
590,"Office of Transportation Analysis"
591,"Center for Health Care Quality/Healthcare-Associated Infections Program/Epidemiology Unit"
592,"Ask BJS Bureau of Justice Statistics (USDOJ)"
593,"National Library of Medicine"
594,"Bradley S. Van Gosen"
595,"CDER OSE Tracking"
596,Salomon
597,"Alex Levitsky"
598,"Joe Steigerwald"
599,"Ask BJS Bureau of Justice Statistics (USDOJ)"
600,SPD_AskSPDAnalytics@seattle.gov
601,"Debra Audus"
602,unknown@data.gov
603,admin
604,"General Support Line"
605,unknown@data.gov
606,"Open Data (MGMT)"
607,"Open Data (MGMT)"
608,"NPS IRMA Help"
609,Medicaid.gov
610,"Eric Wilson"
611,datadrivenworkforce@opm.gov
612,"Adam Bibler"
613,"Patrick Evans"
614,"Austin Watershed Protection Owners"
615,unknown@data.gov
616,"Todd Sutherland"
617,"Kevin Pierce"
618,Moshfegh
619,"Farm Income Team"
620,"Gary Lear"
621,DCGISopendata
622,"UAD Aggregate Statistics"
623,publicsafetygis@phila.gov
624,"Medicare Provider Data - OEDA"
625,"Roberto Mosheim"
626,unknown@data.gov
627,unknown@data.gov
628,Kim
629,"DHDSP Requests"
630,"Earthdata Forum"
631,"Open Data"
632,"Current Population Survey Office"
633,"U.S. Census Bureau"
634,"Augusta Irechukwu"
635,"Open Data NY"
636,"Office of Innovation & Technology"
637,"NPS IRMA Help"
638,unknown@data.gov
639,"Lee Burke"
640,Webmaster
641,DCGISgroup
642,"National Library of Medicine"
643,unknown@data.gov
644,unknown@data.gov
645,"ANNIEPAT JOHNSON"
646,"Tim Kreh"
647,Ahuja
648,"EROS CENTER"
649,Levy
650,"Nursing Home Staffing - CCSQ (PBJ Reports)"
651,"City of New Orleans GIS Department"
652,"OSMRE National Mine Map Repository (Point of Contact)"
653,"Donna Heimiller"
654,"Department of Health Care Access and Information"
655,admin
656,"NSF Open Data"
657,unknown@data.gov
658,"Austin Animal Services Owners"
659,unknown@data.gov
660,Unknown
661,openFDA
662,"Bill Mayer"
663,"NNDSS Team"
664,"Civil Rights Data Collection Team"
665,"Darryl McDonald"
666,unknown@data.gov
667,"John Pender"
668,"Open Data (MGMT)"
669,Lindsay
670,unknown@data.gov
671,"Sam Barbett"
672,"Amrit Kohli"
673,"National Center for Health Statistics"
674,"Karl K. Irikura"
675,"Katherine Tom"
676,"Christopher Alvares"
677,"Pierre Bahizi"
678,Anne.Flatness@trade.gov
679,OpenDataPhilly
680,"Mary Beth Snyder"
681,"Moussa Ezzeddine"
682,unknown@data.gov
683,"Catherine Pepmiller"
684,Forrest.Nielsen@trade.gov
685,"Angela Leone"
686,"Open Data BR"
687,"Kelly Worthington"
688,"Office of Research"
689,"Robert Frazier"
690,"Angela Y. Lee"
691,"Bureau of Transportation Statistics"
692,jasoncohen
693,"TCEQ Information Resources Division"
694,"Alex Cruz"
695,Coordination
696,"NY Open Data"
697,unknown@data.gov
698,"Austin Development Services Owners"
699,"Open Data Civil Division (USDOJ)"
700,"Helen Savoye"
701,unknown@data.gov
702,"National Library of Medicine"
703,"Open Data Administrator"
704,"Ask BJS Bureau of Justice Statistics (USDOJ)"
705,Medicaid.gov
706,ToCHadmin
707,"Angie Diefenbach"
708,"NY Open Data"
709,"Office of Special Education Programs - Research to Practice Division"
710,"Fernando Boccanera"
711,"Find Treatment"
712,"California Department of Public Health/Center for Infectious Diseases/Division of Communicable Disease Control/Infectious Diseases Branch/Surveillance and Statistics Section"
713,OR_FRAMEWORK
714,"Jane Bare"
715,unknown@data.gov
716,"Jay Schultz"
717,"NYC OpenData"
718,"Thomas Capehart"
719,FHWA-Datahub
720,"ACF Data Team"
721,Medicaid.gov
722,"Bureau of Land Management"
723,"Jonnie Bradley"
724,"American Community Survey Office"
725,admin
726,openFDA
727,"Western Pennsylvania Regional Data Center"
728,"Jennifer Rohrbach"
729,"Manjunath Matam"
730,SeattleData
731,unknown@data.gov
732,"Tara Marini"
733,unknown@data.gov
734,"Wesley Ingwersen"
735,unknown@data.gov
736,"Elina Zlotchenko"
737,"Christa Kim"
738,"Kyle Titlow"
739,"Bureau of Transportation Statistics"
740,DCGISopendata
741,"Earthdata Forum"
742,DCGISopendata
743,"Austin Police Owners"
744,"Open Data (MGMT)"
745,"National Center for Health Statistics"
746,USFSEnterpriseContent
747,"National Center for Health Statistics"
748,"California Department of Public Health/Center for Infectious Disease/Division of Communicable Disease Control/Immunization Branch/Vaccine Preventable Diseases Epidemiology Section"
749,"NY Open Data"
750,"Brian Jaskula"
751,"National Center for Health Statistics"
752,"National Center for Health Statistics"
753,"Open Data"
754,"Earthdata Forum"
755,"Jack Faulk"
756,"U.S. Geological Survey"
757,DCGISopendata
758,OpenData
759,"NYC OpenData"
760,NIH
761,unknown@data.gov
762,"Office of Highway Policy Information"
763,DCGISopendata
764,"Katrina Turner"
765,unknown@data.gov
766,Pehrsson
767,"Chris Leithiser"
768,"Kevin P. Gilbert"
769,"Jonathan Levy"
770,openFDA
771,"NY Open Data"
772,unknown@data.gov
773,"Brian Mirletz"
774,"NY Open Data"
775,"LAPD OpenData"
776,"Bureau of Transportation Statistics"
777,unknown@data.gov
778,"Alex Cruz"
779,"Jason Cottrell"
780,"Open Data Administrator"
781,Erik.Brewster_GH
782,Julie.Al-Saadawi@trade.gov
783,DMV
784,"Betsy Simpkins"
785,unknown@data.gov
786,"VHA Open Data"
787,"Charles Ichoku"
788,"Kenny Kimble"
789,"Medicare Provider Data - OEDA"
790,"Ask BJS Bureau of Justice Statistics (USDOJ)"
791,"Open Data (MGMT)"
792,"Anna Jalowska"
793,"Adam Wunderlich"
794,"Sang Bae"
795,unknown@data.gov
796,"Division of Insurance and Research"
797,"HCUP Technical Support"
798,"USDA Agricultural Research Service"
799,USFSEnterpriseContent
800,"CBP Staff"
801,unknown@data.gov
802,DCGISopendata
803,OpenData
804,"Soils Hotline"
805,"John Ugoretz"
806,"Kristine (Kristin) N. Sheaffer"
807,BGallagh_CAEnergy
808,"NY Open Data"
809,unknown@data.gov
810,Coordination
811,"Amrit Kohli"
812,"OSPI Report Card Student Information"
813,"ACF Data Team"
814,OpenData
815,"Jeremy Wise"
816,unknown@data.gov
817,"Joachim Seel"
818,"Will Cummins"
819,openFDA
820,"NY Open Data"
821,DCGISopendata
822,"Accounting and Reporting Systems Section"
823,"NPS IRMA Help"
824,NCSES
825,"Department of Licensing"
826,unknown@data.gov
827,"Bureau of Transportation Statistics"
828,"Division of Insurance and Research"
829,"LTA REPRESENTATIVE USGS EROS CENTER"
830,unknown@data.gov
831,"Safe Drinking Water Hotline"
832,unknown@data.gov
833,"Hyon Kim"
834,"Kevin Cutress"
835,unknown@data.gov
836,nces
837,"Philip McClellan"
838,admin
839,"CJ Krizan"
840,"CMS Drug Spending - OEDA"
841,"Adam Wong"
842,"DDT Public Inquiries"
843,unknown@data.gov
844,"NYC OpenData"
845,Unavailable
846,"Western Pennsylvania Regional Data Center"
847,unknown@data.gov
848,"NYC OpenData"
849,"PDAG Data Products - OEDA"
850,"Linda Hamilton"
851,OpenData
852,"svc dmesb"
853,"Vicky Williams"
854,"Raymond F. Kokaly"
855,unknown@data.gov
856,"Amrit Kohli"
857,"Gayle Doss"
858,"City Commissioner's Office"
859,"NYC OpenData"
860,"Western Pennsylvania Regional Data Center"
861,"Ryan King"
862,"Andrew Nebus"
863,"William Jeffers"
864,"US EPA DATA Act Workgroup"
865,"Public Affairs Office"
866,unknown@data.gov
867,"Mike Stolte"
868,"Megan Heyns"
869,USFSEnterpriseContent
870,"MDS Connect"
871,"Donald K. Yeomans"
872,unknown@data.gov
873,Porensky
874,unknown@data.gov
875,"Soils Hotline"
876,unknown@data.gov
877,"Holly Mortensen"
878,"DHDSP Requests"
879,"Tara Marini"
880,"Amrit Kohli"
881,SeattleParks_SeattleCityGIS
882,"Ed Grayzeck"
883,"Office of Innovation & Technology"
884,"Center for Chronic Disease Prevention and Health Promotion/Chronic Disease and Injury Control/Nutrition Education and Obesity Prevention Branch/Research and Evaluation Section"
885,"William Rosenstein"
886,nucivic
887,"Leighton L Christiansen"
888,unknown@data.gov
889,"Alex Jordan"
890,"NY Open Data"
891,"DEEP Office of Information Management"
892,"NY Open Data"
893,"Socrata Service Account"
894,"Data User Outreach"
895,"Bureau of Land Management"
896,openFDA
897,"Casey Guehl"
898,USFSEnterpriseContent
899,"CDC Info"
900,"John McLennan"
901,"Chief Data and AI Officer"
902,"Darrick Latimer"
903,"NY Open Data"
904,"Division of Insurance and Research"
905,"NYC OpenData"
906,"Stephanie Klodzen"
907,"Stephen M. Seltzer"
908,egis.CALFIRE
909,unknown@data.gov
910,DCGISopendata
911,admin
912,"National Center for Health Statistics"
913,"ACF Data Team"
914,"Open Data Office of Justice Programs (USDOJ)"
915,"Sam Napolitano"
916,"Unclaimed Property"
917,unknown@data.gov
918,"Chris Chapman"
919,"Health Data"
920,Tricia.VanOrden@trade.gov
921,"Open Data (MGMT)"
922,"Kelly Worthington"
923,unknown@data.gov
924,"NY Open Data"
925,OR_FRAMEWORK
926,unknown@data.gov
927,"Tara Marini"
928,"DDT Public Inquiries"
929,"NYC OpenData"
930,"EPA ENERGY STAR program"
931,"City of Philadelphia Open Data Program"
932,denisemccollum
933,DCGISopendata
934,"Open Data (MGMT)"
935,"Jason Coder"
936,DCGISopendata
937,unknown@data.gov
938,"Cliff Ingham"
939,"Antony Williams"
940,"NPS IRMA Help"
941,DCGISopendata
942,"Department of Health Care Access and Information"
943,"Open Data Office of Justice Programs (USDOJ)"
944,"Open Data"
945,nces
946,Unknown
947,"New York City Department of Education"
948,"American Community Survey Office"
949,"Ryan Hill"
950,"NIAAA Information"
951,"Western Pennsylvania Regional Data Center"
952,"HUDUser Help Desk"
953,"Chris Teubert"
954,SeattleParks_SeattleCityGIS
955,"Jon Heal"
956,Unknown
957,tdavid_CAEnergy
958,"David Meyer"
959,"Open Data Division"
960,ChelseaU
961,"Donald R. Burgess"
962,"Katherine Tom"
963,unknown@data.gov
964,USFSEnterpriseContent
965,"Bureau of Transportation Statistics"
966,"CPS Staff"
967,unknown@data.gov
968,"Bryan J Richards"
969,"NPS IRMA Help"
970,"Open Data BR"
971,"Carena Jackson"
972,"NPS IRMA Help"
973,SAMHSA
974,"Mike Schwaber"
975,"National Center for Health Statistics"
976,"Hyungjun Park"
977,"Thomas Capehart"
978,"Usha Gopal"
979,"Linda Hamilton"
980,"Building and Safety OpenData"
981,Richard.Champley@trade.gov
982,O'Brien
983,"Data User Outreach"
984,"Office of Transportation Analysis"
985,"Katherine Tom"
986,Women
987,"Andrew Nebus"
988,unknown@data.gov
989,"Meredith Brehob"
990,"Sue Lavoie"
991,"Department of Health Care Access and Information"
992,unknown@data.gov
993,unknown@data.gov
994,unknown@data.gov
995,FHWA-Datahub
996,"Office of Health Equity"
997,"Rob Gourley"
998,"ECHO User Support "
999,unknown@data.gov
1000,"PLACES Public Inquiries"
1001,"ICIS User Support"
1002,"Bureau of Indian Affairs Branch of Geospatial Support"
1003,"John Cromartie"
1004,"Michael Aldridge"
1005,Maternal
1006,"Shawn C Fisher"
1007,"NYC OpenData"
1008,"Homelessness Data Integration System"
1009,unknown@data.gov
1010,"Richard Ricker"
1011,"DPH Public Inquiries"
1012,unknown@data.gov
1013,"Soils Hotline"
1014,"Adam Glazer"
1015,"Austin Arts"
1016,unknown@data.gov
1017,"National Center for Health Statistics"
1018,unknown@data.gov
1019,unknown@data.gov
1020,"Beth Beck"
1021,"Open Data (MGMT)"
1022,"Mary Beth Snyder"
1023,"National Center for Health Statistics"
1024,"Jackie Haven"
1025,"James Killens III"
1026,"Josh Feldmiller"
1027,"Jeff Moder"
1028,unknown@data.gov
1029,"BR Socrata Publisher"
1030,unknown@data.gov
1031,unknown@data.gov
1032,"Open Data"
1033,"NY Open Data"
1034,"CEV Research Team"
1035,"OCIO-Will Saunders"
1036,"Medicare Provider Data - OEDA"
1037,"Victor Yu"
1038,"Marisa Pelzcar"
1039,"Open Data (MGMT)"
1040,Unknown
1041,"Helen Bai"
1042,"National Minerals Information Center"
1043,"Jeffrey Stout"
1044,"Aaron Eisenbarth"
1045,"Jessica Pugliese"
1046,"Jonathan Levy"
1047,"Department of Licensing"
1048,unknown@data.gov
1049,"Donald R. Burgess"
1050,"Jackie Haven"
1051,"NPS IRMA Help"
1052,"NYC OpenData"
1053,"OSPI Report Card Student Information"
1054,"Jay Huggins"
1055,"William Jeffers"
1056,"NYC OpenData"
1057,"Alexander Kramida"
1058,"William Rosenstein"
1059,"TSDR Team"
1060,"Bureau of Transportation Statistics"
1061,"Nick Muerdter"
1062,SAMHSA
1063,"Nick Mangus"
1064,unknown@data.gov
1065,Mike.Roos@seattle.gov
1066,"EPA ENERGY STAR program"
1067,unknown@data.gov
1068,"VHA Open Data"
1069,"California Dept of Public Health"
1070,"Victor Yu"
1071,"CMS Program Statistics - OEDA"
1072,unknown@data.gov
1073,"Department of Health Care Access and Information"
1074,"EROS CENTER"
1075,"Oral Health Inquiries"
1076,"Shreyas Bidadi"
1077,"Open Data (MGMT)"
1078,DCGISopendata
1079,"William Jeffers"
1080,"NYC OpenData"
1081,"Candice Hopkins"
1082,"Matteo Corbetta"
1083,unknown@data.gov
1084,"Klaus J Schulz"
1085,unknown@data.gov
1086,"National Center for Health Statistics"
1087,Imamura
1088,DCGISopendata
1089,OpenData
1090,"Sandra Raimondo"
1091,"Scott Callahan"
1092,"William Jeffers"
1093,"Open Data"
1094,"Jonathan Levy"
1095,nces
1096,"VHA Open Data"
1097,"OIG Public Affairs"
1098,"George Carter"
1099,unknown@data.gov
1100,"Open Data NY"
1101,"Jeffrey L Mauk"
1102,unknown@data.gov
1103,"IAE Outreach"
1104,"Wesley Ingwersen"
1105,"National Library of Medicine"
1106,"Open Data (MGMT)"
1107,"NASA Space Physics Data Facility"
1108,unknown@data.gov
1109,"Elise Christopher"
1110,"John McLennan"
1111,LakeCounty_Illinois
1112,"American Community Survey Office"
1113,"Open Data (MGMT)"
1114,unknown@data.gov
1115,"Jonathan Levy"
1116,"Department of Health Care Access and Information"
1117,"FDA Enterprise Data Inventory"
1118,Frank.Spector@trade.gov
1119,unknown@data.gov
1120,unknown@data.gov
1121,"Open Data (MGMT)"
1122,unknown@data.gov
1123,mikewynne
1124,"Chris Muzny"
1125,"svc dmesb"
1126,"OSPI Report Card Student Information Discipline-SQSS"
1127,"NYC Parks Open Data Team"
1128,"Open Data Drug Enforcement Agency (USDOJ)"
1129,opadata@phila.gov
1130,"HUD eGIS Help Desk"
1131,"Open Data Administrator"
1132,unknown@data.gov
1133,"NY Open Data"
1134,"Christine Tipton"
1135,"NY Open Data"
1136,Mason
1137,undefined
1138,"William F. Guthrie"
1139,"Medicare Provider Data - OEDA"
1140,"NY Open Data"
1141,"Richard Ayers"
1142,"Aaron Graves"
1143,"Eliana Zeballos"
1144,"OSPI Report Card Student Information"
1145,Unknown
1146,"Open Data (MGMT)"
1147,cocadmin
1148,DOTOpenData
1149,"National Center for Veterans Analysis and Statistics"
1150,"National Library of Medicine"
1151,"Max Stier"
1152,"U.S. Geological Survey"
1153,"Shared Savings Program - CM"
1154,"NTD Program Support"
1155,"NYC OpenData"
1156,"NPS IRMA Help"
1157,DCGISgroup
1158,"Stephen Cornman"
1159,devops@cfpb.gov
1160,unknown@data.gov
1161,"NYC OpenData"
1162,"OSPI Report Card Student Information Discipline-SQSS"
1163,"Joshua Dykema"
1164,OpenData
1165,USDOT_BTS
1166,unknown@data.gov
1167,unknown@data.gov
1168,"EPA WQX"
1169,"DoD Open Data"
1170,"Enterprise Information Data Team"
1171,"Earthdata Forum"
1172,"NY Open Data"
1173,"PLANTS Mailbox"
1174,"Ian Bell"
1175,"Bureau of Indian Affairs Branch of Geospatial Support"
1176,"Open Data (MGMT)"
1177,"Texas Parks and Wildlife Department"
1178,"Diana Shaw"
1179,"Rob Jordan"
1180,"National Library of Medicine"
1181,"Dr. Paul Stackhouse"
1182,"DHDSP Requests"
1183,JLongD3
1184,DCGISopendata
1185,"Robert Fares"
1186,"NY Open Data"
1187,Julie.Al-Saadawi@trade.gov
1188,"DDT Public Inquiries"
1189,"NYC OpenData"
1190,TBD
1191,"Louis Weyand"
1192,Moshfegh
1193,"Jessica Granderson"
1194,"VHA Open Data"
1195,unknown@data.gov
1196,"Randall Keizer"
1197,openFDA
1198,"NYC OpenData"
1199,"William Jeffers"
1200,"Matt Martin"
1201,"William Jeffers"
1202,"SIPP Coordination and Outreach Staff"
1203,unknown@data.gov
1204,Webmaster
1205,Unknown
1206,"Open Data (MGMT)"
1207,cdfwgis
1208,"Department of Developmental Services"
1209,unknown@data.gov
1210,"DHDSP Requests"
1211,"National Center for Health Statistics"
1212,"Struan Clark"
1213,"ONC Request"
1214,jane.poole_LOJIC
1215,unknown@data.gov
1216,nces
1217,LouisvilleMetro
1218,"Office of Policy"
1219,"NPS IRMA Help"
1220,"ODP Publisher"
1221,"Michelle Washko"
1222,"Earthdata Forum"
1223,DCGISopendata
1224,admin
1225,"Bureau of Transportation Statistics"
1226,N/A
1227,"Fernando Boccanera"
1228,"Oliver Potts"
1229,"Andrew Weller"
1230,"National Library of Medicine"
1231,"NY Open Data"
1232,NHTSA-Datahub
1233,"Open Data"
1234,"Bureau of Indian Affairs Branch of Geospatial Support"
1235,<Nobody>
1236,"Office of Health Equity"
1237,admin
1238,"Open Data (MGMT)"
1239,LouisvilleMetro
1240,"NY Open Data"
1241,"Adam Glazer"
1242,Medicaid.gov
1243,"Wesley Ingwersen"
1244,Pehrsson
1245,unknown@data.gov
1246,unknown@data.gov
1247,"Robert Norman"
1248,cocadmin
1249,"Criminal Justice Information Services Division Federal Bureau of Investigation (USDOJ)"
1250,unknown@data.gov
1251,"Nikunj Oza"
1252,"California Tobacco Control Program"
1253,"David Soller"
1254,openFDA
1255,NHTSA-Datahub
1256,"Allan H. Harvey"
1257,nces
1258,admin
1259,"Katherine Tom"
1260,"PDAG Data Products - OEDA"
1261,"Soils Hotline"
1262,"William Jeffers"
1263,"Christopher Teubert"
1264,unknown@data.gov
1265,"NY Open Data"
1266,NSRDB
1267,unknown@data.gov
1268,"NY Open Data"
1269,"Humza Riaz"
1270,"Neil Grbach"
1271,"VHA Open Data"
1272,"Ask BJS Bureau of Justice Statistics (USDOJ)"
1273,unknown@data.gov
1274,"Dipanjan Chakravarty"
1275,"NPS IRMA Help"
1276,DCGISopendata
1277,USFSEnterpriseContent
1278,"Catherine Cooksey"
1279,"Open Data Office of Justice Programs (USDOJ)"
1280,"DNPAO Public Inquiries"
1281,"NYC OpenData"
1282,"Robert Janke"
1283,"HCUP Technical Support"
1284,"Huong C Le"
1285,undefined
1286,"William Jeffers"
1287,"NPS IRMA Help"
1288,unknown@data.gov
1289,"ONC Request"
1290,USDOT_BTS
1291,"NY Open Data"
1292,"Garry Schaefer"
1293,"Brooklyn Lupari"
1294,"Katherine Tom"
1295,unknown@data.gov
1296,unknown@data.gov
1297,"DASH Public Inquiries"
1298,"Oliver Potts"
1299,"EDD-LMID Administrator"
1300,"Arlington County"
1301,unknown@data.gov
1302,Hunt
1303,"DEEP Office of Information Management"
1304,"Open Data Office of Justice Programs (USDOJ)"
1305,"Kelly Worthington"
1306,"CMS Program Statistics - OEDA"
1307,"NY Open Data"
1308,"TDI ODP Administrator"
1309,OpenData
1310,unknown@data.gov
1311,"Kathy Luh"
1312,SomerStat
1313,"David Mintz"
1314,cocadmin
1315,"Jeff McHugh"
1316,"Office of Railroad Safety"
1317,"Amrit Kohli"
1318,OpenData
1319,unknown@data.gov
1320,"Ala Bazyleva"
1321,"The CEV Research Team"
1322,unknown@data.gov
1323,unknown@data.gov
1324,"Thomas Morgan"
1325,"Earthdata Forum"
1326,"Orion Kafka"
1327,"NYC OpenData"
1328,"Meghan Mooney"
1329,nces
1330,"Provider Enrollment Data Requests - CPI"
1331,"NYC OpenData"
1332,"Open Data (MGMT)"
1333,"Bureau of Transportation Statistics"
1334,"Chris Belasco"
1335,"Richard G Brooks"
1336,"Open Data Office of Justice Programs (USDOJ)"
1337,"Ana Rappold"
1338,"NYC OpenData"
1339,unknown@data.gov
1340,"Ask BJS Bureau of Justice Statistics (USDOJ)"
1341,West
1342,"Tarek Elgindy"
1343,"Open Data"
1344,"Office of Debt Management"
1345,"OSPI Report Card Student Information"
1346,"PDAG Data Products - OEDA"
1347,ChelseaU
1348,"Justin Gorham"
1349,USFSEnterpriseContent
1350,"Greg Nash"
1351,DCGISopendata
1352,Farber
1353,"Open Data (MGMT)"
1354,unknown@data.gov
1355,"National Center for Health Statistics"
1356,McKillop
1357,"Stephen Elbert"
1358,"Office of Health Equity"
1359,"Lee Burke"
1360,"Cook County Open Data"
1361,"NY Open Data"
1362,"Soils Hotline"
1363,BIOS_Admin
1364,unknown@data.gov
1365,"Tara Marini"
1366,unknown@data.gov
1367,"Joel Zhou"
1368,"NPS IRMA Help"
1369,"Open Data"
1370,"CMS Program Statistics - OEDA"
1371,unknown@data.gov
1372,"Michael Stephenson"
1373,unknown@data.gov
1374,"Open Data"
1375,unknown@data.gov
1376,Levy
1377,"Sunil Iyengar"
1378,unknown@data.gov
1379,"Jonathan Liles"
1380,"Rob Thelen"
1381,"NYC OpenData"
1382,unknown@data.gov
1383,PREUSCH
1384,ARTINFO
1385,Thornton
1386,"NYC OpenData"
1387,unknown@data.gov
1388,"Open Data (MGMT)"
1389,unknown@data.gov
1390,unknown@data.gov
1391,"Open Data NY"
1392,"Kelly Worthington"
1393,"OCIO-Will Saunders"
1394,"Bureau of Land Management"
1395,"ACF Data Team"
1396,"Ask BJS Bureau of Justice Statistics (USDOJ)"
1397,"Open Data"
1398,"Open Data"
1399,"Barbara Carter"
1400,FHWA-Datahub
1401,"Amrit Kohli"
1402,"DHDSP Requests"
1403,unknown@data.gov
1404,"NCIRD ISD Assessment Branch"
1405,"Erin George"
1406,"Open Data (MGMT)"
1407,openFDA
1408,"Earthdata Forum"
1409,"CMS Program Statistics - OEDA"
1410,"CMS Program Statistics - OEDA"
1411,"William Snow"
1412,"Wesley Ingwersen"
1413,cocadmin
1414,USFSEnterpriseContent
1415,"Austin Technology Services GIS Owners"
1416,unknown@data.gov
1417,unknown@data.gov
1418,"Tim Kreh"
1419,"Mórrígan Sullivan"
1420,"Open Data (MGMT)"
1421,unknown@data.gov
1422,"Bureau of Land Management"
1423,"HUD eGIS Help Desk"
1424,unknown@data.gov
1425,"NY Open Data"
1426,"Open Data (MGMT)"
1427,"ACF Data Team"
1428,"Surveillance Review and Response Group"
1429,"FMCSA CDO Office"
1430,unknown@data.gov
1431,"Judah Levine"
1432,Harwood
1433,"William Jeffers"
1434,"Open Data Office of Justice Programs (USDOJ)"
1435,"Chris Belasco"
1436,"Population Estimates Branch"
1437,"Jeff McHugh"
1438,"Marisa Pelzcar"
1439,"Tess Jaffe"
1440,"Bureau of Transportation Statistics"
1441,unknown@data.gov
1442,"Population Estimates Branch"
1443,"Kevin Stapleton"
1444,Hubbard
1445,"PAD-US Team"
1446,"DOM Enterprise Data Admins"
1447,unknown@data.gov
1448,jasoncohen
1449,"CAROL WIESEMAN"
1450,"Rosemary Astheimer"
1451,"Safe Drinking Water Hotline"
1452,"National Center for Health Statistics"
1453,"Hyungjun Park"
1454,unknown@data.gov
1455,"Office of Health Equity - Health Research and Statistics Unit"
1456,"George Awad"
1457,unknown@data.gov
1458,"Criminal Justice Information Services Division Federal Bureau of Investigation (USDOJ)"
1459,IBFSINFO@fcc.gov
1460,"CLFS Inquires - CM"
1461,"Brent Johnson"
1462,OpenData
1463,"Data Management Unit - Division of Drinking Water"
1464,"King County Open Data"
1465,"National Library of Medicine"
1466,unknown@data.gov
1467,"Open Data (MGMT)"
1468,unknown@data.gov
1469,OpenData
1470,"Tara Marini"
1471,"National Center for Health Statistics"
1472,jasoncohen
1473,"Kathy Luh"
1474,"Victor Yu"
1475,unknown@data.gov
1476,"Janiel J. Reed"
1477,"Caroline Stevens"
1478,unknown@data.gov
1479,"Victoria Sabo"
1480,DCGISopendata
1481,unknown@data.gov
1482,"NY Open Data"
1483,"Mohamed Ibrahim"
1484,"PLACES Public Inquiries"
1485,unknown@data.gov
1486,"Economic Indicators Mail List"
1487,Seth
1488,"NYC OpenData"
1489,"OSPI Report Card Educator"
1490,unknown@data.gov
1491,"William Jeffers"
1492,"Public Affairs Office"
1493,Vsafe@cdc.gov
1494,"Thomas Nathan Benz"
1495,"David Sherman"
1496,"Austin Open Data Platform Administrators (GIS and Mapping Resources)"
1497,"Peter Bajcsy"
1498,"Jeffrey Hearn"
1499,DCGISopendata
1500,"Open Data"
1501,"Open Data (MGMT)"
1502,unknown@data.gov
1503,"Rachael Lane"
1504,"CPS Staff"
1505,unknown@data.gov
1506,"Tania Jogesh"
1507,"Office of Elementary and Secondary Education"
1508,"NYC OpenData"
1509,unknown@data.gov
1510,"Brian Kumanchik"
1511,DCGISopendata
1512,"Center for Infectious Diseases"
1513,"Katherine Tom"
1514,"Yogesh Pandya"
1515,"Shane Knipschild"
1516,"Robert Crist"
1517,"NLR Geospatial Data Science"
1518,unknown@data.gov
1519,"Russell M"
1520,"Lareina Guenzel"
1521,"National Wastewater Surveillance System (NWSS)"
1522,unknown@data.gov
1523,"Thomas Nathan Benz"
1524,"Deepa Mavani"
1525,"OSPI Report Card Student Information Discipline-SQSS"
1526,"DGS Telework Coordinator"
1527,"NPS IRMA Help"
1528,"Open Data"
1529,"Randall Keizer"
1530,"William Covey"
1531,Yao
1532,"svc dmesb"
1533,"Office of Highway Policy Information"
1534,"Commercial Reference Buildings"
1535,"Steve Rietzke"
1536,"National Library of Medicine"
1537,NHTSA-Datahub
1538,egis.CALFIRE
1539,unknown@data.gov
1540,unknown@data.gov
1541,"Hannah Pauling"
1542,"National Center for Health Statistics"
1543,unknown@data.gov
1544,unknown@data.gov
1545,"Patrick Canning"
1546,Brian
1547,unknown@data.gov
1548,"Ian Soboroff"
1549,"Open Data (MGMT)"
1550,"Rick Candell Jr."
1551,openFDA
1552,"National Library of Medicine"
1553,"NYC OpenData"
1554,unknown@data.gov
1555,"Gayle Doss"
1556,"Matt Crothers"
1557,transportation.data@austintexas.gov
1558,Andorf
1559,"PLACES Public Inquiries"
1560,"ARM Data Center"
1561,LOJICData
1562,"Matthew Granitto"
1563,"COVID-19 Response Data"
1564,"Open Data (MGMT)"
1565,"NY Open Data"
1566,DCGISopendata
1567,"CMS Program Statistics - OEDA"
1568,"William Jeffers"
1569,"General Support Line"
1570,"Havala Pye"
1571,"FNS Datasets"
1572,"NPS IRMA Help"
1573,LakeCounty_Illinois
1574,"Tara Marini"
1575,"King County Open Data"
1576,"DEEP Office of Information Management"
1577,unknown@data.gov
1578,"NY Open Data"
1579,"NYC OpenData"
1580,"Cook County Open Data"
1581,"Open Data"
1582,"Ahjond Garmestani"
1583,unknown@data.gov
1584,"Robert Norman"
1585,"CMS EDG Data Questions - OIT"
1586,"Douglas R. White"
1587,unknown@data.gov
1588,"Accounting and Reporting Systems Section"
1589,"NYC OpenData"
1590,unknown@data.gov
1591,"LAPD OpenData"
1592,"Steven Saylor"
1593,unknown@data.gov
1594,"NYC OpenData"
1595,DCGISopendata
1596,"DASH Public Inquiries"
1597,"OSPI Report Card Student Information"
1598,"NYC OpenData"
1599,"Shared Savings Program - CM"
1600,"NIAAA Information"
1601,unknown@data.gov
1602,"Highway System Performance Division"
1603,<Nobody>
1604,"FDA Enterprise Data Inventory"
1605,"Wesley Cole"
1606,"Office of Railroad Safety"
1607,"HUD eGIS Help Desk"
1608,unknown@data.gov
1609,"Tim Kreh"
1610,"Felix Baquedano"
1611,"LISA V"
1612,DCGISopendata
1613,"Kong Chiu"
1614,"Jennifer S. Stanton"
1615,unknown@data.gov
1616,"VHA Open Data"
1617,Millhouser
1618,"Wesley Ingwersen"
1619,"Tara Marini"
1620,"John Cromartie"
1621,"Laura Dodson"
1622,OpenData
1623,unknown@data.gov
1624,"Xiaobing Liu"
1625,"New York City Department of Education"
1626,unknown@data.gov
1627,PDC-IT
1628,unknown@data.gov
1629,"Max Krause"
1630,"NPS IRMA Help"
1631,cocadmin
1632,unknown@data.gov
1633,undefined
1634,"OSPI Report Card Student Information"
1635,jasoncohen
1636,YRBSS
1637,Unknown
1638,unknown@data.gov
1639,unknown@data.gov
1640,DCGISopendata
1641,"Richard Wilkin"
1642,"Mallikarjuna Nadagouda"
1643,"NYC OpenData"
1644,"Accounting and Reporting Systems Section"
1645,"Wesley Ingwersen"
1646,"Paige Niederer"
1647,"NYC OpenData"
1648,unknown@data.gov
1649,"Office of Research"
1650,"Sara Zaremski"
1651,"Bureau of Land Management"
1652,"Marisa Pelzcar"
1653,"OSPI Report Card Student Information"
1654,unknown@data.gov
1655,unknown@data.gov
1656,"Robert White"
1657,unknown@data.gov
1658,"Vadim Okun"
1659,DCGISopendata
1660,"Enterprise Information Data Team"
1661,"Water Rights Data Management Unit. Division of Water Rights. State Water Resources Control Board."
1662,"Bureau of Safety and Environmental Enforcement (BSEE)"
1663,unknown@data.gov
1664,unknown@data.gov
1665,"LA DOT OpenData"
1666,"HUD eGIS Help Desk"
1667,"Open Data Office of Justice Programs (USDOJ)"
1668,"Kirk Dohne"
1669,unknown@data.gov
1670,"NYC OpenData"
1671,OR_FRAMEWORK
1672,"Alejandro Contreras"
1673,"NYC OpenData"
1674,"Dean Pesnell"
1675,"Thomas Samuelsen"
1676,Unknown
1677,"Garry Schaefer"
1678,<Nobody>
1679,"George Carter"
1680,"FMCSA CDO"
1681,Adams
1682,"Earthdata Forum"
1683,FSISDataDriven
1684,unknown@data.gov
1685,"Olga Doronina"
1686,unknown@data.gov
1687,DCGISopendata
1688,"NY Open Data"
1689,unknown@data.gov
1690,unknown@data.gov
1691,"Kathy Luh"
1692,"Gerald Steeman"
1693,"U.S. Geological Survey"
1694,"Katherine Tom"
1695,"Elina Zlotchenko"
1696,"Brooklyn Lupari"
1697,unknown@data.gov
1698,unknown@data.gov
1699,OpenData
1700,"California Department of Public Health"
1701,"Open Data NY"
1702,"Jeremy Baynes"
1703,USFSEnterpriseContent
1704,admin
1705,"Ask BJS Bureau of Justice Statistics (USDOJ)"
1706,admin
1707,"NPS IRMA Help"
1708,"James Kostiw"
1709,"COVID-19 Response Data"
1710,"Austin Police Owners"
1711,"National Library of Medicine"
1712,"Cameron Smith"
1713,unknown@data.gov
1714,NHTSA-Datahub
1715,"NYC OpenData"
1716,unknown@data.gov
1717,FHWA-Datahub
1718,"OSPI Report Card Student Information"
1719,"DCYF Open Data"
1720,ARTINFO
1721,"Wesley Ingwersen"
1722,"PLACES Public Inquiries"
1723,HartfordData
1724,"John Smegal"
1725,"Aaron Hula"
1726,egis.CALFIRE
1727,"Safe Drinking Water Hotline"
1728,unknown@data.gov
1729,"William Jeffers"
1730,"NY Open Data"
1731,"Ian Soboroff"
1732,USFSEnterpriseContent
1733,"Robert Sabo"
1734,USFSEnterpriseContent
1735,"FMCSA CDO"
1736,unknown@data.gov
1737,"Plan Finder - CM"
1738,cityofsiouxfallsgis
1739,"FMCSA CDO Office"
1740,"Open Data"
1741,TempeData
1742,"NYC OpenData"
1743,unknown@data.gov
1744,"NYC OpenData"
1745,"American Community Survey Office"
1746,"Alcoholic Beverages Division (Commerce)"
1747,"Iowa Department of Natural Resources"
1748,mikewynne
1749,"David Kirkland"
1750,"NIH RePORT"
1751,"National Library of Medicine"
1752,"Bineeta Adityan"
1753,"Jonathan Levy"
1754,"CJ Krizan"
1755,"Open Data Bureau of Alcohol"
1756,DCGISopendata
1757,"Debbie Thomas"
1758,BOEM_GeoSEAS
1759,"CDPH Office of Health Equity"
1760,"FRA Safety Admin"
1761,"William Boggess"
1762,"Judy Weems"
1763,"NY Open Data"
1764,"VHA Open Data"
1765,"PLACES Public Inquiries"
1766,DCGISopendata
1767,"Bureau of Indian Affairs Branch of Geospatial Support"
1768,"Arlington County"
1769,"El Pueblo OpenData"
1770,"DAWN MCINTOSH"
1771,"Earthdata Forum"
1772,"International Production Assessment Division"
1773,"FMCSA CDO"
1774,"Noel Magee"
1775,"svc dmesb"
1776,"Center for Infectious Diseases / Office of AIDS /Surveillance and Prevention Evaluation and Reporting Branch / Surveillance Section / Data Analysis and Matching Unit"
1777,DelGrosso
1778,"Shared Savings Program - CM"
1779,"Linda Harwell"
1780,SAMHSA
1781,USFSEnterpriseContent
1782,"Tim Kreh"
1783,"Division of Insurance and Research"
1784,"DOD Open Data"
1785,"Susan Smiley"
1786,"Earthdata Forum"
1787,unknown@data.gov
1788,"Kathryn Gallagher"
1789,unknown@data.gov
1790,"NY Open Data"
1791,"NPS IRMA Help"
1792,"Rick Tanger"
1793,"Eric Ogburn"
1794,"NPS IRMA Help"
1795,"HUD Departmental Enforcement Center (Compliance Division)"
1796,jasoncohen
1797,"Jonathan Levy"
1798,"NYC OpenData"
1799,"Victor Yu"
1800,unknown@data.gov
1801,"NYC OpenData"
1802,"HUD eGIS Help Desk"
1803,"NYC OpenData"
1804,"Office of Policy"
1805,"NYC OpenData"
1806,"Simon Casson"
1807,nisvs@cdc.gov
1808,"TzA @ ODF"
1809,"William Hahn"
1810,unknown@data.gov
1811,"Earthdata Forum"
1812,"PLACES Public Inquiries"
1813,DCGISopendata
1814,"Alcoholic Beverages Division (Commerce)"
1815,"Division of Insurance and Research"
1816,"CPD Systems Development and Evaluation Division"
1817,"NY Open Data"
1818,"Enterprise Information Data Team"
1819,unknown@data.gov
1820,"Amrit Kohli"
1821,"Site Admin"
1822,"Open Data (MGMT)"
1823,"Gloria Drayton-Miller"
1824,unknown@data.gov
1825,CDT_GIS
1826,"Earthdata Forum"
1827,Ahuja
1828,"Miryam Strautkalns"
1829,"NY Open Data"
1830,"NYC OpenData"
1831,unknown@data.gov
1832,Medicaid.gov
1833,"NPS IRMA Help"
1834,"Dion Saxton"
1835,"Kenneth Tiranno"
1836,DCGISopendata
1837,Transportation_SeattleCityGIS
1838,"NYC OpenData"
1839,unknown@data.gov
1840,"Mike Wycoff"
1841,"OSPI Report Card Accountability Historical"
1842,"Amrit Kohli"
1843,"Plan Finder - CM"
1844,unknown@data.gov
1845,"Kristine (Kristin) N. Sheaffer"
1846,Duan
1847,"Jeffrey Gillespie"
1848,"Utilization and Disclosure Reporting Section"
1849,"HUD eGIS Help Desk"
1850,"National Library of Medicine"
1851,"Mark Heflin"
1852,"SIPP Coordination and Outreach Staff"
1853,"Population Estimates Branch"
1854,SAMHSA
1855,"Bureau of Transportation Statistics"
1856,SAMHSA
1857,llyons_D3
1858,"Igor Levin"
1859,Unknown
1860,unknown@data.gov
1861,"Adam Glazer"
1862,"NASA Space Physics Data Facility"
1863,"HUD eGIS Help Desk"
1864,unknown@data.gov
1865,"FNS Datasets"
1866,"Charles E. Powers"
1867,"NYC OpenData"
1868,"MIKE KOBRICK"
1869,<Nobody>
1870,"Louis Weyand"
1871,"Open Data (MGMT)"
1872,"Office of Transportation Analysis"
1873,"TSCA Hotline"
1874,"Open Data Administrator"
1875,"Open Data"
1876,"NY Open Data"
1877,"PLACES Public Inquiries"
1878,unknown@data.gov
1879,unknown@data.gov
1880,"National Syndromic Surveillance Program"
1881,"Stephen E. Stein"
1882,"Paul Witt"
1883,"Current Population Survey Office"
1884,cityofsiouxfallsgis
1885,unknown@data.gov
1886,"NYC OpenData"
1887,"Connecticut State Data Center"
1888,"Office of Highway Policy Information"
1889,"Augusta Irechukwu"
1890,BGallagh_CAEnergy
1891,unknown@data.gov
1892,"FNS Datasets"
1893,cocadmin
1894,"California Breathing"
1895,"Jonathan Benett"
1896,unknown@data.gov
1897,"SyH-DR help desk"
1898,unknown@data.gov
1899,SEPTA
1900,unknown@data.gov
1901,cocadmin
1902,Imamura
1903,"Robert Cheetham"
1904,"Intergovernmental Policy and Planning Division"
1905,"Paul Gunning"
1906,"Iamanadette Jones-Green"
1907,"DNPAO Public Inquiries"
1908,"Karen Marshall"
1909,"City of New Orleans GIS Department"
1910,"EDD-LMID Administrator"
1911,unknown@data.gov
1912,unknown@data.gov
1913,unknown@data.gov
1914,"Chief Accountability Officer"
1915,OR_FRAMEWORK
1916,"NPS IRMA Help"
1917,"Open Data"
1918,unknown@data.gov
1919,CMS
1920,"Nathan Smucker"
1921,"NY Open Data"
1922,"Bureau of Land Management"
1923,"Judy Weems"
1924,"CDC INFO"
1925,"PLACES Public Inquiries"
1926,unknown@data.gov
1927,nces
1928,unknown@data.gov
1929,"Arlington County"
1930,unknown@data.gov
1931,"MIRS Coordinator"
1932,unknown@data.gov
1933,"Michelle Huggins"
1934,"Cook County Assessor's Office Data Department"
1935,"Open Data"
1936,"Wesley Ingwersen"
1937,"Open Data"
1938,unknown@data.gov
1939,"FDA Enterprise Data Inventory"
1940,unknown@data.gov
1941,"National Library of Medicine"
1942,"Katherine Tom"
1943,DCGISopendata
1944,"Andrew Weller"
1945,"Fiona Bai"
1946,"Brian VanBockern"
1947,"Lucas Hale"
1948,"Office of Special Education Programs - Research to Practice Division"
1949,"Todd Sutherland"
1950,"Ed Ragland"
1951,"Department of Health Care Access and Information"
1952,"Kirk Dohne"
1953,unknown@data.gov
1954,"Open Data"
1955,"Ryan Hill"
1956,"NY Open Data"
1957,"Joshua Comenetz"
1958,"Christopher Leithiser"
1959,"Asghar Noor"
1960,"Lee Burke"
1961,"Terri Lee"
1962,"Bureau of Transportation Statistics"
1963,"Business Statistics Branch"
1964,"Wesley Ingwersen"
1965,"Austin Development Services Owners"
1966,"City of New Orleans GIS Department"
1967,"Eric Boerer"
1968,"Iowa Workforce Development"
1969,"Ian Soboroff"
1970,"Augusta Irechukwu"
1971,"Gary Lucier"
1972,"Ask BJS Bureau of Justice Statistics (USDOJ)"
1973,"Seth Ackerman"
1974,"John McLennan"
1975,DOTOpenData
1976,"Earthdata Forum"
1977,unknown@data.gov
1978,unknown@data.gov
1979,Summar.Goodman@maryland.gov
1980,"Office of Research"
1981,Kaul
1982,"Division of Communicable Disease Control"
1983,"Beach Monitoring Program General Inbox"
1984,unknown@data.gov
1985,"Nonemployer Statistics Staff"
1986,"California Health and Human Services Agency"
1987,"Mike Stolte"
1988,LOJICData
1989,unknown@data.gov
1990,"Bill Shah"
1991,NCIRD
1992,"HealthData.gov Team"
1993,"OSPI Report Card Accountability Historical"
1994,"Surveillance Review and Response Group"
1995,"Open Data"
1996,"ACF Data Team"
1997,"Blair Russell"
1998,cocadmin
1999,"ODP Publisher"
2000,"NYC OpenData"
