Email,Username,Gender,BirthDate,Country
aiden.brown40@protonmail.com,aidenbrown857,Female,1974-04-13,Portugal
aiden.jones77@yahoo.com,aidenjones637,Male,2004-04-05,Kenya
aiden.kowalski16@yahoo.com,aidenkowalski256,Female,2008-04-04,Iraq
aiden.martin91@outlook.com,aidenmartin928,Female,1972-04-13,UAE
aiden.park43@icloud.com,aidenpark969,Female,1997-04-07,Bangladesh
aiden.tanaka24@yahoo.com,aidentanaka869,Male,1993-04-08,Switzerland
aiden.white96@outlook.com,aidenwhite932,Male,2005-04-05,"South Africa"
ali.hassan60@protonmail.com,alihassan199,Male,1961-04-16,Spain
ali.jackson94@gmail.com,alijackson580,Female,1964-04-15,Colombia
ali.jones52@gmail.com,alijones55,Female,2008-04-04,Russia
ali.lee15@hotmail.com,alilee351,Female,2000-04-06,Sweden
ali.martinez38@yahoo.com,alimartinez403,Male,1980-04-11,Thailand
ali.park89@hotmail.com,alipark432,Male,1974-04-13,Norway
amara.jackson42@icloud.com,amarajackson908,Female,1964-04-15,France
amara.kowalski26@gmail.com,amarakowalski891,Male,1981-04-11,Morocco
amara.lopez98@yahoo.com,amaralopez593,Female,1966-04-15,Germany
amara.nkosi17@icloud.com,amarankosi102,Female,1999-04-07,"United Kingdom"
ava.anderson19@protonmail.com,avaanderson206,Male,1985-04-10,Vietnam
ava.anderson36@outlook.com,avaanderson497,Female,1987-04-10,Vietnam
ava.brown5@outlook.com,avabrown65,Male,1984-04-10,UAE
ava.taylor37@gmail.com,avataylor23,Male,1964-04-15,Ukraine
ava.taylor86@hotmail.com,avataylor761,Female,1981-04-11,Kenya
carlos.muller30@protonmail.com,carlosmuller813,Female,2001-04-06,Portugal
carlos.wilson74@yahoo.com,carloswilson782,Male,1999-04-07,Nigeria
chloe.ahmed45@outlook.com,chloeahmed639,Male,1964-04-15,India
chloe.petrov45@icloud.com,chloepetrov695,Female,1979-04-12,Bangladesh
diego.diallo82@gmail.com,diegodiallo801,Male,1961-04-16,Poland
diego.lee49@outlook.com,diegolee461,Female,1973-04-13,Japan
diego.williams8@outlook.com,diegowilliams869,Female,1983-04-11,Romania
emma.ali54@gmail.com,emmaali498,Male,1981-04-11,Australia
emma.dubois78@yahoo.com,emmadubois875,Male,1994-04-08,Italy
emma.martinez59@yahoo.com,emmamartinez652,Male,1993-04-08,Romania
emma.taylor39@gmail.com,emmataylor142,Female,1987-04-10,China
ethan.kim7@hotmail.com,ethankim159,Male,1961-04-16,"United States"
ethan.tanaka98@yahoo.com,ethantanaka812,Female,1967-04-15,"United Kingdom"
ethan.williams60@icloud.com,ethanwilliams925,Male,1969-04-14,Australia
fatima.chen80@gmail.com,fatimachen707,Male,1996-04-07,Thailand
fatima.moreno57@protonmail.com,fatimamoreno169,Male,1990-04-09,Italy
fatima.nkosi32@protonmail.com,fatimankosi789,Female,1991-04-09,Colombia
fatima.nkosi95@hotmail.com,fatimankosi176,Male,1981-04-11,Sweden
hannah.thompson64@hotmail.com,hannahthompson825,Male,1988-04-09,"South Africa"
isabella.dubois47@hotmail.com,isabelladubois510,Female,2006-04-05,Japan
isabella.hassan9@protonmail.com,isabellahassan666,Male,1965-04-15,Brazil
isabella.johnson75@protonmail.com,isabellajohnson168,Male,1978-04-12,Iraq
isabella.martinez76@icloud.com,isabellamartinez318,Female,1983-04-11,Germany
ivan.dubois86@gmail.com,ivandubois252,Male,1970-04-14,Pakistan
ivan.nkosi21@icloud.com,ivannkosi738,Female,2001-04-06,Kenya
ivan.taylor80@outlook.com,ivantaylor270,Male,1961-04-16,Kenya
jackson.davis60@hotmail.com,jacksondavis778,Male,1968-04-14,"Czech Republic"
jackson.muller14@gmail.com,jacksonmuller680,Female,2003-04-06,"South Africa"
jackson.taylor87@gmail.com,jacksontaylor423,Female,1970-04-14,Austria
jackson.white69@icloud.com,jacksonwhite811,Male,1989-04-09,Portugal
james.martin19@icloud.com,jamesmartin839,Female,1963-04-16,Iraq
jun.ali93@protonmail.com,junali759,Female,2007-04-05,Brazil
jun.lee17@protonmail.com,junlee358,Male,1979-04-12,UAE
jun.moreno8@yahoo.com,junmoreno780,Female,2006-04-05,"United States"
jun.wilson34@yahoo.com,junwilson184,Male,1972-04-13,Brazil
laura.ali47@yahoo.com,lauraali725,Female,1981-04-11,France
leila.davis31@outlook.com,leiladavis516,Female,1965-04-15,Spain
leila.kim48@icloud.com,leilakim778,Male,2004-04-05,Mexico
leila.tanaka82@hotmail.com,leilatanaka549,Female,1990-04-09,Iraq
liam.rossi65@hotmail.com,liamrossi307,Male,1983-04-11,Australia
logan.ali24@yahoo.com,loganali575,Female,1992-04-08,Thailand
logan.lopez1@outlook.com,loganlopez446,Female,1976-04-12,Brazil
logan.walker67@outlook.com,loganwalker126,Female,1978-04-12,Germany
logan.williams1@gmail.com,loganwilliams901,Female,1970-04-14,"Czech Republic"
logan.williams65@protonmail.com,loganwilliams752,Female,1962-04-16,Germany
lucas.williams54@hotmail.com,lucaswilliams28,Male,1993-04-08,Poland
mason.patel84@yahoo.com,masonpatel631,Male,1969-04-14,Argentina
mason.singh73@yahoo.com,masonsingh982,Male,1999-04-07,"United Kingdom"
mason.taylor21@yahoo.com,masontaylor844,Male,2006-04-05,Japan
mateo.brown98@outlook.com,mateobrown654,Female,1967-04-15,Canada
mateo.diallo28@outlook.com,mateodiallo633,Male,1976-04-12,Netherlands
mei.ali9@icloud.com,meiali823,Male,2004-04-05,Japan
mei.park33@outlook.com,meipark118,Male,1963-04-16,Philippines
mia.dubois81@icloud.com,miadubois451,Female,1992-04-08,Ghana
mia.jackson30@gmail.com,miajackson764,Female,1970-04-14,China
mia.thomas17@icloud.com,miathomas775,Male,1963-04-16,Argentina
mia.walker14@protonmail.com,miawalker102,Female,1993-04-08,Sweden
mia.wilson12@gmail.com,miawilson317,Female,1987-04-10,Philippines
mohamed.singh34@protonmail.com,mohamedsingh433,Male,1965-04-15,"South Korea"
nina.thomas44@yahoo.com,ninathomas802,Male,1986-04-10,Indonesia
oliver.dubois74@protonmail.com,oliverdubois401,Female,1972-04-13,Nigeria
priya.ahmed14@hotmail.com,priyaahmed695,Female,1995-04-08,Argentina
raj.ahmed52@yahoo.com,rajahmed823,Female,1997-04-07,UAE
raj.patel12@protonmail.com,rajpatel471,Male,2006-04-05,Argentina
raj.reyes25@gmail.com,rajreyes244,Male,1991-04-09,Australia
sara.martin51@icloud.com,saramartin143,Female,1988-04-09,Romania
sofia.garcia21@hotmail.com,sofiagarcia966,Male,1995-04-08,Sweden
sofia.okonkwo99@icloud.com,sofiaokonkwo129,Male,1977-04-12,Thailand
sofia.smith28@icloud.com,sofiasmith110,Male,2002-04-06,India
sofia.tanaka97@outlook.com,sofiatanaka37,Female,1973-04-13,Norway
sofia.white98@hotmail.com,sofiawhite820,Female,1971-04-14,Romania
sofia.williams99@protonmail.com,sofiawilliams103,Male,1964-04-15,"Saudi Arabia"
tariq.taylor1@yahoo.com,tariqtaylor618,Male,1994-04-08,China
tariq.walker98@gmail.com,tariqwalker896,Male,2008-04-04,Thailand
wei.muller27@outlook.com,weimuller985,Male,2007-04-05,Australia
zoe.moreno11@outlook.com,zoemoreno490,Female,1988-04-09,"United Kingdom"
zoe.reyes37@hotmail.com,zoereyes173,Male,1975-04-13,"Czech Republic"
zoe.smith85@gmail.com,zoesmith767,Male,2005-04-05,Pakistan
